result_id,grain_type,moisture,temperature,nature,created_at,timestamp,status,processed_at,processed_by
21010980049728,Nisu,13.02500,27.03700,0.79515,2024-08-09 08:05:04,2024-08-09 05:07:16.928077,New,,
21010980049706,Nisu,15.97000,21.71900,0.79292,2024-08-09 05:06:21,2024-08-09 02:10:09.971781,New,,
21010980049729,Nisu,12.98700,26.65300,0.79292,2024-08-09 08:09:00,2024-08-09 05:11:12.338557,Processed,2024-08-09 05:11:48.895464,operator
21010980049812,Nisu,13.50500,27.94000,0.79811,2024-08-10 01:14:38,2024-08-09 22:16:50.577202,Processed,2024-08-09 22:18:30.950108,manager
21010980049737,Nisu,13.52800,28.57200,0.79045,2024-08-09 09:52:21,2024-08-09 06:54:40.869426,Processed,2024-08-09 06:55:16.619794,operator
21010980049817,Nisu,15.11100,25.35400,0.79490,2024-08-10 02:16:58,2024-08-09 23:19:09.49016,New,,
21010980049744,Nisu,13.68400,30.44600,0.79564,2024-08-09 11:10:48,2024-08-09 08:13:00.388134,Processed,2024-08-09 08:13:15.988083,operator
21010980049745,Nisu,16.01000,23.00600,0.78700,2024-08-09 11:12:03,2024-08-09 08:14:15.191537,Processed,2024-08-09 08:14:29.184114,operator
21010980049821,Nisu,13.44500,26.85600,0.79786,2024-08-10 02:54:52,2024-08-09 23:57:03.549974,Processed,2024-08-10 00:02:35.471945,manager
21010980049754,Nisu,13.06000,28.05300,0.79268,2024-08-09 13:14:22,2024-08-09 10:16:34.363954,Processed,2024-08-09 10:16:51.796228,operator
21010980049755,Nisu,15.83200,21.06400,0.78230,2024-08-09 13:16:27,2024-08-09 10:18:40.042906,Processed,2024-08-09 10:18:52.538693,operator
21010980049825,Nisu,13.34200,28.13200,0.80157,2024-08-10 04:00:18,2024-08-10 01:02:28.852948,Processed,2024-08-10 01:03:10.331493,manager
21010980049761,Nisu,13.70300,29.93800,0.79045,2024-08-09 14:34:53,2024-08-09 11:40:03.760861,Processed,2024-08-09 11:40:42.501089,operator
21010980049762,Nisu,16.68300,28.38000,0.78527,2024-08-09 14:38:37,2024-08-09 11:40:49.116792,Processed,2024-08-09 11:40:58.540906,operator
21010980049691,Nisu,15.45900,31.73300,0.78107,2024-08-09 02:58:40,2024-08-09 00:50:55.930049,New,,
21010980049768,Nisu,13.51900,26.78800,0.80132,2024-08-09 15:56:49,2024-08-09 13:00:25.532894,New,,
21010980049830,Nisu,13.39700,22.54300,0.79885,2024-08-10 05:28:58,2024-08-10 02:31:10.289629,Processed,2024-08-10 02:32:10.872467,manager
21010980049769,Nisu,13.52400,27.04800,0.80280,2024-08-09 15:58:17,2024-08-09 13:00:28.6182,Processed,2024-08-09 13:00:36.10627,operator
21010980049770,Nisu,16.22100,28.61700,0.79045,2024-08-09 16:01:01,2024-08-09 13:03:13.444176,Processed,2024-08-09 13:03:22.362505,operator
21010980049836,Nisu,13.81400,29.47500,0.80206,2024-08-10 07:21:32,2024-08-10 04:23:43.102215,Processed,2024-08-10 04:24:26.804419,manager
21010980049778,Nisu,13.58900,31.67700,0.79688,2024-08-09 17:53:04,2024-08-09 14:55:16.030841,Processed,2024-08-09 14:56:18.275778,operator
21010980049785,Nisu,13.74700,29.31700,0.78774,2024-08-09 19:29:58,2024-08-09 16:32:10.833663,Processed,2024-08-09 16:32:57.58044,operator
21010980049700,Nisu,14.16700,17.99300,0.78798,2024-08-09 04:20:58,2024-08-09 01:23:10.570423,Processed,2024-08-09 01:25:08.085242,manager
21010980049839,Nisu,13.55900,28.13200,0.80503,2024-08-10 07:57:30,2024-08-10 04:59:41.895716,Processed,2024-08-10 04:59:55.169263,manager
21010980049786,Nisu,14.76800,28.14300,0.79589,2024-08-09 19:31:24,2024-08-09 16:33:36.303523,Processed,2024-08-09 16:33:43.969381,operator
21010980049790,Nisu,14.80100,25.76100,0.79169,2024-08-09 20:29:34,2024-08-09 17:31:45.231763,Processed,2024-08-09 17:31:59.13496,operator
21010980049845,Nisu,15.13000,22.11400,0.79885,2024-08-10 08:45:11,2024-08-10 05:48:48.36713,Processed,2024-08-10 05:59:06.386234,manager
21010980049794,Nisu,16.07200,28.30100,0.79119,2024-08-09 21:30:32,2024-08-09 18:32:43.445678,Processed,2024-08-09 18:33:17.283489,operator
21010980049795,Nisu,13.39800,27.64600,0.80330,2024-08-09 21:31:34,2024-08-09 18:35:32.446262,Processed,2024-08-09 18:35:41.43422,operator
21010980049852,Nisu,13.81900,29.28300,0.80058,2024-08-10 10:17:33,2024-08-10 07:19:44.395553,Processed,2024-08-10 07:20:20.651145,manager
21010980049800,Nisu,16.31000,28.22200,0.78798,2024-08-09 22:49:05,2024-08-09 19:51:17.303374,Processed,2024-08-09 19:51:28.16715,manager
21010980049805,Nisu,13.83200,26.72100,0.80231,2024-08-09 23:35:01,2024-08-09 20:37:12.933904,Processed,2024-08-09 20:37:54.994156,manager
21010980049853,Nisu,15.07800,22.69000,0.79786,2024-08-10 10:19:22,2024-08-10 07:21:33.886509,Processed,2024-08-10 07:21:57.360652,manager
21010980049809,Nisu,13.63000,26.10000,0.79836,2024-08-10 00:33:15,2024-08-09 21:35:26.761906,Processed,2024-08-09 21:35:57.160262,manager
21010980049707,Nisu,15.91400,21.82100,0.79194,2024-08-09 05:09:55,2024-08-09 02:12:07.466081,Processed,2024-08-09 02:12:28.676474,manager
21010980049709,Nisu,12.75400,19.85600,0.78947,2024-08-09 05:31:01,2024-08-09 02:33:13.475655,Processed,2024-08-09 02:33:58.485933,manager
21010980049859,Nisu,13.58200,28.69600,0.79811,2024-08-10 12:35:06,2024-08-10 09:37:16.58416,Processed,2024-08-10 09:37:52.035359,manager
21010980049716,Nisu,12.57400,21.94500,0.79194,2024-08-09 06:09:35,2024-08-09 03:11:55.557483,Processed,2024-08-09 03:12:11.137746,operator
21010980049717,Nisu,12.41000,23.05100,0.79712,2024-08-09 06:21:05,2024-08-09 03:23:17.750975,Processed,2024-08-09 03:24:25.087068,operator
21010980049865,Nisu,13.03400,27.47700,0.79885,2024-08-10 14:58:20,2024-08-10 12:00:30.928314,Processed,2024-08-10 12:00:39.343853,manager
21010980049718,Nisu,12.46100,23.74000,0.79070,2024-08-09 06:31:40,2024-08-09 03:33:52.662123,Processed,2024-08-09 03:34:16.118264,operator
21010980049726,Nisu,13.07100,27.81600,0.79465,2024-08-09 07:59:07,2024-08-09 05:05:05.79814,Processed,2024-08-09 05:05:20.35261,operator
21010980049871,Nisu,13.45700,27.82700,0.79984,2024-08-10 16:52:41,2024-08-10 13:55:22.855098,Processed,2024-08-10 13:55:46.604763,manager
21010980049872,Nisu,15.76300,25.42200,0.78502,2024-08-10 16:53:40,2024-08-10 13:55:50.217225,Processed,2024-08-10 13:56:38.322292,manager
21010980049877,Nisu,13.38600,25.59200,0.80206,2024-08-10 19:10:44,2024-08-10 16:12:54.297397,Processed,2024-08-10 16:13:26.692959,manager
21010980049878,Nisu,16.42700,25.89600,0.78477,2024-08-10 19:12:21,2024-08-10 16:18:56.381404,New,,
21010980049883,Nisu,13.67400,23.71700,0.79589,2024-08-10 20:25:46,2024-08-10 17:28:26.326645,Processed,2024-08-10 17:28:40.007242,manager
21010980049884,Nisu,16.26300,24.70000,0.78428,2024-08-10 20:39:29,2024-08-10 17:41:40.02135,Processed,2024-08-10 17:42:07.387669,manager
21010980049900,Nisu,13.05500,21.30100,0.80157,2024-08-11 08:45:49,2024-08-11 05:47:59.356741,New,,
21010980049904,Nisu,15.62500,27.57900,0.79243,2024-08-11 09:59:40,2024-08-11 07:01:50.347787,New,,
21010980049693,Nisu,14.85500,19.07700,0.78551,2024-08-09 03:49:37,2024-08-09 00:52:17.502741,Processed,2024-08-09 00:52:40.155824,manager
21010980049698,Nisu,14.70100,17.49700,0.78453,2024-08-09 04:14:27,2024-08-09 01:19:55.002578,New,,
21010980049694,Nisu,14.87800,19.11100,0.78947,2024-08-09 03:51:21,2024-08-09 00:53:33.715188,New,,
21010980049811,Nisu,13.48700,28.15400,0.80009,2024-08-10 00:54:01,2024-08-09 21:56:13.069202,Processed,2024-08-09 21:57:08.572532,manager
21010980049708,Nisu,12.73200,19.17900,0.78848,2024-08-09 05:22:01,2024-08-09 02:24:13.905873,Processed,2024-08-09 02:24:43.835553,manager
21010980049730,Nisu,12.58000,25.23000,0.79243,2024-08-09 08:19:38,2024-08-09 05:21:50.234042,Processed,2024-08-09 05:22:15.218722,operator
21010980049719,Nisu,12.77000,25.44500,0.79317,2024-08-09 06:52:11,2024-08-09 03:54:23.35236,Processed,2024-08-09 03:55:17.755215,operator
21010980049720,Nisu,15.75500,21.70800,0.79243,2024-08-09 06:53:34,2024-08-09 03:55:46.05461,Processed,2024-08-09 03:55:55.725674,operator
21010980049731,Nisu,15.89400,20.59000,0.78996,2024-08-09 08:22:30,2024-08-09 05:24:42.733709,Processed,2024-08-09 05:25:06.50975,operator
21010980049721,Nisu,12.84200,25.23000,0.79391,2024-08-09 07:03:57,2024-08-09 04:06:08.835079,Processed,2024-08-09 04:06:47.178556,operator
21010980049727,Nisu,13.01600,27.28500,0.79366,2024-08-09 08:03:12,2024-08-09 05:05:25.239876,New,,
21010980049813,Nisu,13.59000,27.87200,0.79885,2024-08-10 01:37:52,2024-08-09 22:40:03.017148,Processed,2024-08-09 22:40:21.887736,manager
21010980049738,Nisu,16.84600,24.86900,0.75834,2024-08-09 09:58:56,2024-08-09 07:04:43.619697,Processed,2024-08-09 07:05:12.726563,operator
21010980049818,Nisu,17.93500,25.42200,0.76402,2024-08-10 02:18:24,2024-08-09 23:20:35.229403,New,,
21010980049746,Nisu,13.67400,29.06900,0.78996,2024-08-09 11:34:17,2024-08-09 08:36:29.244789,Processed,2024-08-09 08:36:47.547478,operator
21010980049747,Nisu,16.05600,22.67900,0.78601,2024-08-09 11:35:53,2024-08-09 08:38:05.576729,Processed,2024-08-09 08:38:16.208175,operator
21010980049756,Nisu,16.78100,28.23300,0.74303,2024-08-09 13:33:10,2024-08-09 10:36:44.177794,New,,
21010980049822,Nisu,13.56000,26.11100,0.79786,2024-08-10 03:13:40,2024-08-10 00:15:51.298629,Processed,2024-08-10 00:16:22.073863,manager
21010980049763,Nisu,13.84900,29.38500,0.79564,2024-08-09 14:58:50,2024-08-09 12:01:02.528544,Processed,2024-08-09 12:02:18.208403,operator
21010980049764,Nisu,17.04000,28.36900,0.78304,2024-08-09 15:08:40,2024-08-09 12:10:52.202659,Processed,2024-08-09 12:11:24.051768,operator
21010980049771,Nisu,13.31800,30.79600,0.79984,2024-08-09 16:29:16,2024-08-09 13:31:27.810985,New,,
21010980049772,Nisu,16.28800,28.57200,0.77835,2024-08-09 16:30:34,2024-08-09 13:32:45.356839,New,,
21010980049826,Nisu,13.33200,27.45400,0.79984,2024-08-10 04:19:12,2024-08-10 01:21:22.896052,Processed,2024-08-10 01:21:56.015539,manager
21010980049779,Nisu,16.56300,28.43700,0.78477,2024-08-09 18:04:46,2024-08-09 15:11:04.119621,Processed,2024-08-09 15:18:53.870079,operator
21010980049827,Nisu,14.99800,22.02400,0.79959,2024-08-10 04:21:16,2024-08-10 01:23:27.623829,New,,
21010980049787,Nisu,13.33200,29.41900,0.79836,2024-08-09 20:01:52,2024-08-09 17:04:04.058596,Processed,2024-08-09 17:04:15.919767,operator
21010980049791,Nisu,13.40400,28.08700,0.80108,2024-08-09 20:47:18,2024-08-09 17:49:29.262123,Processed,2024-08-09 17:49:42.023099,operator
21010980049831,Nisu,13.26800,25.46700,0.80305,2024-08-10 05:51:28,2024-08-10 02:53:39.251255,Processed,2024-08-10 02:54:52.561944,manager
21010980049796,Nisu,13.41900,28.08700,0.80033,2024-08-09 21:45:39,2024-08-09 18:47:50.424121,Processed,2024-08-09 18:48:16.988264,operator
21010980049695,Nisu,15.34500,17.35000,0.78329,2024-08-09 03:53:06,2024-08-09 00:55:18.838085,Processed,2024-08-09 00:55:33.222549,manager
21010980049801,Nisu,13.78200,26.82200,0.80206,2024-08-09 22:55:58,2024-08-09 19:58:40.797805,Processed,2024-08-09 19:58:51.211332,manager
21010980049837,Nisu,13.74400,28.01900,0.80231,2024-08-10 07:40:26,2024-08-10 04:42:36.968911,Processed,2024-08-10 04:43:57.667183,manager
21010980049806,Nisu,15.31500,27.55600,0.78749,2024-08-09 23:46:33,2024-08-09 20:48:45.171166,Processed,2024-08-09 20:50:11.452517,manager
21010980049810,Nisu,15.71800,27.17200,0.78230,2024-08-10 00:53:22,2024-08-09 21:55:33.816486,Processed,2024-08-09 21:55:47.256751,manager
21010980049838,Nisu,15.23100,21.56100,0.79935,2024-08-10 07:42:14,2024-08-10 04:46:05.298091,Processed,2024-08-10 04:46:15.493699,manager
21010980049840,Nisu,14.59800,19.95800,0.74204,2024-08-10 08:20:12,2024-08-10 05:22:23.452375,New,,
21010980049846,Nisu,17.15800,26.75400,0.77563,2024-08-10 09:08:42,2024-08-10 06:10:53.375678,New,,
21010980049854,Nisu,13.64200,29.48700,0.80206,2024-08-10 10:52:31,2024-08-10 07:55:23.166427,Processed,2024-08-10 07:55:31.687255,manager
21010980049855,Nisu,14.98900,22.79200,0.79416,2024-08-10 10:53:59,2024-08-10 07:56:10.616714,Processed,2024-08-10 07:56:19.281713,manager
21010980049860,Nisu,14.95300,23.39000,0.79614,2024-08-10 12:37:19,2024-08-10 09:39:30.346984,Processed,2024-08-10 09:39:41.930155,manager
21010980049866,Nisu,15.06200,24.54200,0.79589,2024-08-10 15:00:00,2024-08-10 12:02:10.508518,Processed,2024-08-10 12:02:25.360062,manager
21010980049873,Nisu,14.02600,26.64200,0.79811,2024-08-10 17:30:28,2024-08-10 14:32:38.52039,Processed,2024-08-10 14:34:01.824009,manager
21010980049879,Nisu,16.99400,28.83200,0.77884,2024-08-10 19:29:17,2024-08-10 16:31:27.865485,New,,
21010980049880,Nisu,18.89400,21.79800,0.75118,2024-08-10 19:30:14,2024-08-10 16:32:24.135624,New,,
21010980049885,Nisu,13.49400,22.66700,0.79515,2024-08-10 21:07:51,2024-08-10 18:10:01.314495,Processed,2024-08-10 20:22:16.048155,manager
21010980049888,Nisu,13.66700,18.00500,0.78527,2024-08-10 23:46:28,2024-08-10 20:48:38.759788,Processed,2024-08-10 20:48:55.226723,manager
21010980049889,Nisu,15.61900,28.70800,0.79342,2024-08-10 23:50:06,2024-08-10 20:52:16.081189,Processed,2024-08-10 20:55:00.548319,manager
21010980049893,Nisu,15.61900,28.96700,0.79243,2024-08-11 00:12:21,2024-08-10 21:14:31.644264,Processed,2024-08-10 21:14:41.359399,manager
21010980049896,Nisu,12.71100,27.77100,0.79243,2024-08-11 00:48:26,2024-08-10 21:50:37.315619,Processed,2024-08-10 21:50:51.147553,manager
21010980049897,Nisu,15.62800,28.29000,0.79885,2024-08-11 00:50:15,2024-08-10 21:52:26.053946,Processed,2024-08-10 21:52:42.661442,manager
21010980049901,Nisu,16.46600,28.27900,0.78477,2024-08-11 09:13:04,2024-08-11 06:15:13.554255,New,,
21010980049905,Nisu,20.67200,20.73700,0.74550,2024-08-11 10:31:12,2024-08-11 07:33:21.518274,New,,
21010980049908,Nisu,12.79000,21.64000,0.79836,2024-08-11 11:50:08,2024-08-11 08:52:18.493645,New,,
21010980049911,Nisu,20.04500,20.43200,0.74624,2024-08-11 12:53:24,2024-08-11 09:55:33.575106,New,,
21010980049702,Nisu,12.75600,19.34800,0.78848,2024-08-09 04:59:11,2024-08-09 02:01:23.145809,Processed,2024-08-09 02:02:20.491384,manager
21010980049710,Nisu,12.74700,20.33000,0.78848,2024-08-09 05:43:56,2024-08-09 02:46:09.163668,Processed,2024-08-09 02:47:52.231868,manager
21010980049732,Nisu,13.35900,27.33000,0.79490,2024-08-09 08:44:19,2024-08-09 05:46:31.733607,Processed,2024-08-09 05:47:10.601645,operator
21010980049722,Nisu,12.93800,25.29800,0.79194,2024-08-09 07:18:15,2024-08-09 04:20:27.872576,Processed,2024-08-09 04:21:35.050363,operator
21010980049814,Nisu,14.98700,24.76700,0.79194,2024-08-10 01:55:21,2024-08-09 22:57:32.636859,Processed,2024-08-09 22:57:54.223745,manager
21010980049723,Nisu,12.86400,25.71600,0.79416,2024-08-09 07:29:42,2024-08-09 04:32:20.39515,Processed,2024-08-09 04:33:26.367457,operator
21010980049733,Nisu,15.75500,21.44800,0.79589,2024-08-09 08:46:33,2024-08-09 05:48:45.492577,Processed,2024-08-09 05:49:04.434253,operator
21010980049739,Nisu,15.92600,20.50000,0.79144,2024-08-09 10:16:07,2024-08-09 07:18:19.493129,Processed,2024-08-09 07:18:27.63988,operator
21010980049815,Nisu,13.62900,26.33700,0.80009,2024-08-10 01:56:06,2024-08-09 22:58:17.864888,Processed,2024-08-09 22:58:23.467492,manager
21010980049740,Nisu,13.54400,30.65000,0.79342,2024-08-09 10:18:43,2024-08-09 07:20:54.639027,Processed,2024-08-09 07:23:21.364553,operator
21010980049819,Nisu,17.12600,25.02700,0.77613,2024-08-10 02:20:06,2024-08-09 23:22:17.637205,New,,
21010980049749,Nisu,13.72800,28.00800,0.79194,2024-08-09 12:02:49,2024-08-09 09:05:17.395919,Processed,2024-08-09 09:05:31.75514,operator
21010980049750,Nisu,16.06500,22.64500,0.78033,2024-08-09 12:03:58,2024-08-09 09:06:10.709242,Processed,2024-08-09 09:06:19.620806,operator
21010980049757,Nisu,13.43300,30.24300,0.79342,2024-08-09 13:56:37,2024-08-09 10:59:53.183456,New,,
21010980049823,Nisu,15.33000,25.86300,0.79119,2024-08-10 03:16:53,2024-08-10 00:19:04.759535,Processed,2024-08-10 00:19:18.779573,manager
21010980049758,Nisu,13.43500,30.33300,0.79194,2024-08-09 13:57:46,2024-08-09 10:59:58.119781,Processed,2024-08-09 11:00:06.044393,operator
21010980049765,Nisu,14.23200,28.85400,0.79836,2024-08-09 15:23:54,2024-08-09 12:26:05.804892,Processed,2024-08-09 12:26:17.141722,operator
21010980049828,Nisu,13.32500,28.39200,0.80206,2024-08-10 04:54:12,2024-08-10 01:56:23.210253,Processed,2024-08-10 01:56:57.228235,manager
21010980049774,Nisu,15.93200,28.33500,0.78996,2024-08-09 16:57:12,2024-08-09 14:00:41.811523,Processed,2024-08-09 14:28:42.161949,operator
21010980049780,Nisu,13.82600,29.46400,0.79416,2024-08-09 18:29:05,2024-08-09 15:31:16.534744,Processed,2024-08-09 15:31:29.867906,operator
21010980049832,Nisu,13.46600,29.52100,0.80429,2024-08-10 06:19:07,2024-08-10 03:21:18.912999,Processed,2024-08-10 03:21:51.542246,manager
21010980049781,Nisu,15.12000,30.60400,0.79070,2024-08-09 18:31:16,2024-08-09 15:33:28.35624,Processed,2024-08-09 15:33:46.004958,operator
21010980049788,Nisu,15.12700,28.14300,0.79169,2024-08-09 20:04:24,2024-08-09 17:06:36.123115,Processed,2024-08-09 17:06:48.632105,operator
21010980049833,Nisu,15.50400,21.61800,0.79416,2024-08-10 06:20:34,2024-08-10 03:22:45.524278,Processed,2024-08-10 03:24:10.614596,manager
21010980049792,Nisu,15.47100,27.63500,0.79194,2024-08-09 21:08:19,2024-08-09 18:10:30.393866,Processed,2024-08-09 18:12:09.235391,operator
21010980049797,Nisu,13.50800,28.60600,0.80206,2024-08-09 22:16:01,2024-08-09 19:18:12.854894,Processed,2024-08-09 19:18:32.665569,operator
21010980049834,Nisu,13.35100,28.16600,0.80256,2024-08-10 06:32:35,2024-08-10 03:34:46.2078,Processed,2024-08-10 03:35:14.95904,manager
21010980049798,Nisu,16.35700,28.56100,0.78996,2024-08-09 22:17:25,2024-08-09 19:19:37.279498,Processed,2024-08-09 19:19:47.180293,operator
21010980049841,Nisu,14.50000,20.82700,0.77539,2024-08-10 08:21:04,2024-08-10 05:23:15.592985,New,,
21010980049802,Nisu,14.09000,26.89000,0.80108,2024-08-09 23:10:18,2024-08-09 20:12:29.991472,Processed,2024-08-09 20:13:02.553044,manager
21010980049803,Nisu,16.01100,28.05300,0.77860,2024-08-09 23:14:33,2024-08-09 20:16:45.01678,Processed,2024-08-09 20:16:54.936997,manager
21010980049849,Nisu,15.13600,22.04700,0.79712,2024-08-10 09:14:05,2024-08-10 06:18:57.228659,Processed,2024-08-10 06:36:02.498702,manager
21010980049807,Nisu,13.72700,26.89000,0.80206,2024-08-09 23:49:47,2024-08-09 20:51:59.333889,Processed,2024-08-09 20:52:19.144045,manager
21010980049856,Nisu,13.70100,29.00100,0.80478,2024-08-10 11:23:38,2024-08-10 08:29:36.830755,Processed,2024-08-10 08:55:55.7437,manager
21010980049862,Nisu,15.05900,24.10100,0.79045,2024-08-10 13:42:48,2024-08-10 10:47:23.514421,Processed,2024-08-10 11:25:41.62572,manager
21010980049867,Nisu,13.76800,29.97200,0.80182,2024-08-10 15:27:33,2024-08-10 12:29:43.536789,Processed,2024-08-10 12:29:53.308265,manager
21010980049868,Nisu,15.33400,25.17400,0.79342,2024-08-10 15:28:48,2024-08-10 12:30:59.152635,Processed,2024-08-10 12:31:16.303374,manager
21010980049874,Nisu,16.12300,25.67100,0.78206,2024-08-10 17:31:52,2024-08-10 14:38:26.855698,Processed,2024-08-10 14:41:49.350533,manager
21010980049701,Nisu,13.33100,18.33200,0.78502,2024-08-09 04:41:02,2024-08-09 01:43:14.135003,Processed,2024-08-09 01:43:56.109307,manager
21010980049881,Nisu,13.86100,26.64200,0.79638,2024-08-10 19:47:17,2024-08-10 16:49:27.788322,Processed,2024-08-10 16:50:10.655556,manager
21010980049886,Nisu,13.62400,18.31000,0.78650,2024-08-10 23:22:17,2024-08-10 20:24:27.900761,Processed,2024-08-10 20:25:16.39789,manager
21010980049890,Nisu,15.57800,28.80900,0.79688,2024-08-11 00:07:34,2024-08-10 21:09:44.345462,New,,
21010980049894,Nisu,15.47000,28.05300,0.79712,2024-08-11 00:27:45,2024-08-10 21:29:55.348476,Processed,2024-08-10 21:30:02.148482,manager
21010980049898,Nisu,13.28500,23.92100,0.79712,2024-08-11 01:26:12,2024-08-10 22:28:23.283821,Processed,2024-08-10 22:29:28.911651,manager
21010980049902,Nisu,15.83400,28.52700,0.78601,2024-08-11 09:30:45,2024-08-11 06:32:54.61436,New,,
21010980049906,Nisu,13.11700,24.44000,0.79786,2024-08-11 10:40:19,2024-08-11 07:42:28.42156,New,,
21010980049909,Nisu,13.13500,19.30300,0.78527,2024-08-11 11:57:42,2024-08-11 08:59:51.503062,New,,
21010980049912,Nisu,12.58500,19.76600,0.78798,2024-08-11 13:44:24,2024-08-11 10:46:34.273681,New,,
21010980049914,Nisu,12.91500,19.99200,0.78996,2024-08-11 14:26:22,2024-08-11 11:28:31.999916,New,,
21010980049915,Nisu,20.85600,20.25100,0.73660,2024-08-11 14:29:21,2024-08-11 11:31:31.341934,New,,
21010980049917,Nisu,21.08500,20.45500,0.73685,2024-08-11 18:22:11,2024-08-11 15:24:20.21807,New,,
21010980049919,Nisu,16.07200,28.39200,0.78650,2024-08-11 19:32:19,2024-08-11 16:34:28.105677,New,,
21010980049921,Nisu,13.19100,19.03200,0.78971,2024-08-11 20:05:25,2024-08-11 17:07:34.416832,New,,
21010980049711,Nisu,15.89200,19.92400,0.79218,2024-08-09 05:52:13,2024-08-09 02:54:25.152551,Processed,2024-08-09 02:57:46.505465,manager
21010980049734,Nisu,13.48800,27.17200,0.79515,2024-08-09 09:12:46,2024-08-09 06:14:59.120286,Processed,2024-08-09 06:15:07.234207,operator
21010980049712,Nisu,12.72900,21.13200,0.79045,2024-08-09 05:56:27,2024-08-09 02:58:48.487929,Processed,2024-08-09 02:59:25.117985,manager
21010980049816,Nisu,13.51300,26.11100,0.80280,2024-08-10 02:15:33,2024-08-09 23:17:45.034287,Processed,2024-08-09 23:18:12.017564,manager
21010980049724,Nisu,12.98300,27.36400,0.79119,2024-08-09 07:44:55,2024-08-09 04:47:06.899471,Processed,2024-08-09 04:49:37.766811,operator
21010980049736,Nisu,15.83300,22.29500,0.78280,2024-08-09 09:22:17,2024-08-09 06:24:31.801158,Processed,2024-08-09 06:24:44.691358,operator
21010980049741,Nisu,17.27800,27.52200,0.77094,2024-08-09 10:37:40,2024-08-09 07:44:54.388883,New,,
21010980049742,Nisu,13.58700,29.22700,0.79490,2024-08-09 10:43:27,2024-08-09 07:45:39.513167,Processed,2024-08-09 07:45:47.376157,operator
21010980049820,Nisu,13.33100,27.48800,0.80058,2024-08-10 02:36:11,2024-08-09 23:38:21.975667,Processed,2024-08-09 23:42:52.404365,manager
21010980049743,Nisu,16.08000,23.34500,0.78206,2024-08-09 10:45:09,2024-08-09 07:47:21.093968,Processed,2024-08-09 07:47:37.831102,operator
21010980049824,Nisu,13.42700,27.95100,0.80009,2024-08-10 03:32:38,2024-08-10 00:34:49.492341,New,,
21010980049751,Nisu,13.65700,30.02900,0.79317,2024-08-09 12:30:25,2024-08-09 09:35:25.633831,Processed,2024-08-09 09:35:57.406893,operator
21010980049752,Nisu,13.55400,29.37400,0.79194,2024-08-09 12:33:49,2024-08-09 09:36:01.713991,New,,
21010980049699,Nisu,14.67000,18.05000,0.78700,2024-08-09 04:18:47,2024-08-09 01:20:59.585784,Processed,2024-08-09 01:21:07.822545,manager
21010980049753,Nisu,15.80900,21.84300,0.78798,2024-08-09 12:34:26,2024-08-09 09:36:38.858267,Processed,2024-08-09 09:36:46.192588,operator
21010980049829,Nisu,15.14400,21.74200,0.79984,2024-08-10 04:56:41,2024-08-10 01:58:52.359197,Processed,2024-08-10 01:58:59.770192,manager
21010980049759,Nisu,17.23400,28.31200,0.78502,2024-08-09 14:19:47,2024-08-09 11:21:59.000795,Processed,2024-08-09 11:22:07.622931,operator
21010980049767,Nisu,15.19700,29.70100,0.78107,2024-08-09 15:37:56,2024-08-09 12:40:20.245513,New,,
21010980049776,Nisu,13.60100,30.90900,0.79737,2024-08-09 17:28:02,2024-08-09 14:30:51.080711,Processed,2024-08-09 14:31:26.374532,operator
21010980049835,Nisu,13.53800,28.15400,0.80527,2024-08-10 06:55:28,2024-08-10 03:57:39.3345,Processed,2024-08-10 03:57:57.827406,manager
21010980049777,Nisu,16.95400,27.88300,0.76402,2024-08-09 17:29:18,2024-08-09 14:31:29.463672,Processed,2024-08-09 14:31:42.988491,operator
21010980049783,Nisu,13.53100,27.78200,0.79465,2024-08-09 18:59:17,2024-08-09 16:01:56.773799,Processed,2024-08-09 16:02:03.903309,operator
21010980049842,Nisu,14.46600,20.86100,0.77440,2024-08-10 08:21:45,2024-08-10 05:23:56.888647,Processed,2024-08-10 05:41:46.509634,manager
21010980049784,Nisu,15.33800,29.12500,0.78502,2024-08-09 19:00:36,2024-08-09 16:02:48.24573,Processed,2024-08-09 16:03:01.730238,operator
21010980049789,Nisu,13.52500,28.42500,0.79935,2024-08-09 20:26:46,2024-08-09 17:31:01.720045,Processed,2024-08-09 17:31:15.368363,operator
21010980049850,Nisu,13.10700,27.03700,0.79935,2024-08-10 09:45:57,2024-08-10 06:49:05.258347,Processed,2024-08-10 06:49:21.386954,manager
21010980049793,Nisu,13.36100,28.00800,0.79885,2024-08-09 21:11:12,2024-08-09 18:13:24.45302,Processed,2024-08-09 18:13:45.082375,operator
21010980049799,Nisu,13.79700,28.12100,0.80330,2024-08-09 22:39:25,2024-08-09 19:41:36.835795,Processed,2024-08-09 19:42:00.575017,manager
21010980049851,Nisu,14.97400,22.27200,0.79539,2024-08-10 09:47:11,2024-08-10 06:49:22.140909,Processed,2024-08-10 06:49:30.465175,manager
21010980049804,Nisu,13.92200,27.90600,0.80058,2024-08-09 23:25:35,2024-08-09 20:27:47.447339,Processed,2024-08-09 20:28:34.478536,manager
21010980049808,Nisu,13.92000,27.99600,0.79663,2024-08-10 00:10:09,2024-08-09 21:12:20.860504,Processed,2024-08-09 21:12:36.506977,manager
21010980049857,Nisu,13.62600,29.18200,0.80280,2024-08-10 11:56:08,2024-08-10 08:58:19.04137,Processed,2024-08-10 08:58:26.594853,manager
21010980049858,Nisu,15.05200,23.43500,0.79292,2024-08-10 11:57:32,2024-08-10 08:59:43.567739,Processed,2024-08-10 08:59:58.633149,manager
21010980049864,Nisu,15.13300,24.42900,0.79119,2024-08-10 14:24:10,2024-08-10 11:27:34.248155,Processed,2024-08-10 11:53:31.077425,manager
21010980049869,Nisu,13.66100,29.39600,0.80330,2024-08-10 16:13:06,2024-08-10 13:15:17.301171,Processed,2024-08-10 13:15:45.794302,manager
21010980049870,Nisu,15.32700,24.46300,0.79366,2024-08-10 16:26:50,2024-08-10 13:29:01.27461,Processed,2024-08-10 13:29:24.100116,manager
21010980049876,Nisu,16.45300,25.70400,0.77884,2024-08-10 18:15:10,2024-08-10 15:18:38.462837,New,,
21010980049882,Nisu,16.46900,25.86300,0.77390,2024-08-10 19:48:37,2024-08-10 16:50:47.39575,Processed,2024-08-10 16:50:57.526432,manager
21010980049887,Nisu,15.58300,28.61700,0.79663,2024-08-10 23:44:30,2024-08-10 20:46:40.974642,New,,
21010980049891,Nisu,13.25100,18.35500,0.79317,2024-08-11 00:08:18,2024-08-10 21:10:28.781487,Processed,2024-08-10 21:10:29.288905,manager
21010980049892,Nisu,13.20700,18.79500,0.79712,2024-08-11 00:08:50,2024-08-10 21:11:00.768602,Processed,2024-08-10 21:11:17.183207,manager
21010980049895,Nisu,12.56000,25.06100,0.79564,2024-08-11 00:30:41,2024-08-10 21:32:51.862964,New,,
21010980049899,Nisu,15.45900,28.07500,0.79119,2024-08-11 08:22:25,2024-08-11 05:24:35.427839,New,,
21010980049903,Nisu,12.96800,24.75600,0.80552,2024-08-11 09:42:32,2024-08-11 06:44:42.271374,New,,
21010980049907,Nisu,20.82700,20.35300,0.74327,2024-08-11 11:30:32,2024-08-11 08:32:42.556848,New,,
21010980049910,Nisu,13.42400,22.37400,0.79391,2024-08-11 12:02:36,2024-08-11 09:04:45.665341,New,,
21010980049913,Nisu,13.57500,23.25500,0.80923,2024-08-11 13:52:42,2024-08-11 10:54:52.267072,New,,
21010980049916,Nisu,12.92400,20.37600,0.78848,2024-08-11 17:59:25,2024-08-11 15:01:34.510439,New,,
21010980049918,Nisu,12.32000,19.20100,0.78798,2024-08-11 18:54:40,2024-08-11 15:56:49.80218,New,,
21010980049920,Nisu,12.84300,19.06600,0.78601,2024-08-11 19:42:53,2024-08-11 16:45:02.398453,New,,
21010980049922,Nisu,13.28100,19.38200,0.79194,2024-08-11 20:07:33,2024-08-11 17:09:42.310752,Processed,2024-08-11 17:09:55.452614,manager
21010980049923,Nisu,20.86500,20.22900,0.73883,2024-08-11 20:10:49,2024-08-11 17:12:58.4206,Processed,2024-08-11 17:13:09.561154,manager
21010980049924,Nisu,13.65600,18.68200,0.79119,2024-08-11 20:36:21,2024-08-11 17:38:30.113327,Processed,2024-08-11 17:38:43.913263,manager
21010980049926,Nisu,13.69300,18.78400,0.78749,2024-08-11 21:21:34,2024-08-11 18:23:43.538633,New,,
21010980049925,Nisu,13.64200,18.79500,0.78823,2024-08-11 20:59:03,2024-08-11 18:01:12.159058,Processed,2024-08-11 18:02:24.65655,manager
21010980049927,Nisu,13.76500,19.05500,0.79095,2024-08-11 21:22:53,2024-08-11 18:25:01.957363,Processed,2024-08-11 18:25:10.641544,manager
21010980049928,Nisu,13.79400,18.56900,0.78774,2024-08-11 21:44:45,2024-08-11 18:46:54.905972,Processed,2024-08-11 18:47:22.612458,manager
21010980049929,Nisu,21.02500,20.09300,0.73339,2024-08-11 22:07:45,2024-08-11 19:09:54.374544,Processed,2024-08-11 19:10:00.852781,manager
21010980049930,Nisu,13.52700,18.17400,0.78749,2024-08-11 22:08:34,2024-08-11 19:10:43.65515,Processed,2024-08-11 19:11:55.114627,manager
21010980049931,Nisu,13.48700,17.94800,0.78700,2024-08-11 22:30:47,2024-08-11 19:32:56.687161,Processed,2024-08-11 19:33:28.604446,manager
21010980049932,Nisu,13.81400,18.06100,0.78551,2024-08-11 22:59:49,2024-08-11 20:01:58.254265,Processed,2024-08-11 20:02:34.792279,manager
21010980049933,Nisu,21.11000,19.71000,0.71882,2024-08-11 23:03:14,2024-08-11 20:05:23.102475,Processed,2024-08-11 20:05:35.360576,manager
21010980049934,Nisu,13.89900,17.97100,0.78650,2024-08-11 23:31:53,2024-08-11 20:34:02.535107,Processed,2024-08-11 20:35:09.78724,manager
21010980049935,Nisu,13.60000,18.71600,0.78798,2024-08-11 23:57:06,2024-08-11 20:59:15.67558,Processed,2024-08-11 20:59:30.8423,manager
21010980049936,Nisu,13.45800,22.98400,0.80305,2024-08-12 08:28:18,2024-08-12 05:30:10.070228,New,,
21010980049937,Nisu,15.52700,28.31200,0.79342,2024-08-12 08:42:58,2024-08-12 05:46:04.233705,New,,
21010980049938,Nisu,13.36700,20.44300,0.79737,2024-08-12 09:27:42,2024-08-12 06:29:58.332121,New,,
21010980049939,Nisu,13.12500,43.24900,0.78971,2024-08-12 11:38:26,2024-08-12 08:40:34.319061,New,,
21010980049940,Nisu,13.75900,25.25300,0.77983,2024-08-12 14:02:25,2024-08-12 11:05:58.830351,New,,
21010980049941,Nisu,15.35500,17.93700,0.77168,2024-08-12 15:55:48,2024-08-12 12:57:56.665673,New,,
21010980049942,Nisu,14.28900,18.11800,0.78057,2024-08-12 15:59:10,2024-08-12 13:01:53.099794,New,,
21010980049943,Nisu,14.46100,17.92600,0.77514,2024-08-12 16:06:22,2024-08-12 13:08:30.546652,New,,
21010980049944,Nisu,13.36900,18.34300,0.78378,2024-08-12 16:39:49,2024-08-12 13:41:56.785155,New,,
21010980049945,Nisu,13.25200,17.90300,0.78477,2024-08-12 17:01:33,2024-08-12 14:06:52.802981,New,,
21010980049946,Nisu,13.06500,17.98200,0.78650,2024-08-12 17:25:34,2024-08-12 14:27:42.152456,New,,
21010980049947,Nisu,14.97300,29.17100,0.79391,2024-08-12 18:33:42,2024-08-12 15:37:17.163908,Processed,2024-08-12 15:37:41.2271,manager
21010980049948,Nisu,15.62500,28.33500,0.79292,2024-08-12 18:48:02,2024-08-12 15:50:10.523619,New,,
21010980049949,Nisu,15.41900,20.44300,0.77786,2024-08-12 20:01:39,2024-08-12 17:04:41.578514,New,,
21010980049950,Nisu,15.15800,29.87100,0.79614,2024-08-13 00:00:37,2024-08-12 21:02:45.029513,New,,
21010980049951,Nisu,15.20600,29.18200,0.79218,2024-08-13 00:03:08,2024-08-12 21:06:33.209235,New,,
21010980049952,Nisu,14.47100,26.98000,0.80256,2024-08-13 07:13:53,2024-08-13 04:18:38.716272,New,,
21010980049953,Raps,21.42100,24.27100,0.61138,2024-08-13 14:51:33,2024-08-13 11:53:39.861628,New,,
21010980049954,Raps,13.86500,24.76700,0.63786,2024-08-13 17:47:34,2024-08-13 14:49:41.052776,New,,
21010980049955,Oder,14.06500,21.57200,0.64218,2024-08-13 18:48:40,2024-08-13 15:50:46.674483,New,,
21010980049956,Raps,14.48500,25.67100,0.64009,2024-08-13 19:36:27,2024-08-13 16:40:47.269461,New,,
21010980049957,Raps,16.72500,23.79600,0.65742,2024-08-13 20:28:41,2024-08-13 17:31:02.44411,New,,
21010980049958,Raps,14.59900,28.32400,0.65370,2024-08-13 20:50:06,2024-08-13 17:52:12.495942,Processed,2024-08-13 17:53:37.516909,operator
21010980049959,Raps,12.86000,31.51900,0.65568,2024-08-13 21:13:08,2024-08-13 18:15:14.328433,New,,
21010980049961,Raps,11.15100,34.94000,0.65791,2024-08-13 21:37:40,2024-08-13 18:42:17.986876,New,,
21010980049962,Raps,9.56600,39.26400,0.65965,2024-08-13 21:59:11,2024-08-13 19:02:23.28005,New,,
21010980049963,Raps,8.80900,31.69900,0.65667,2024-08-13 22:27:33,2024-08-13 19:32:32.128287,New,,
21010980049965,Raps,8.59300,24.06700,0.66088,2024-08-13 22:48:21,2024-08-13 19:52:37.00994,New,,
21010980049967,Raps,8.53000,24.71100,0.65593,2024-08-13 23:10:33,2024-08-13 20:12:42.715079,New,,
21010980049969,Raps,9.11900,23.10800,0.66608,2024-08-13 23:50:22,2024-08-13 20:52:54.729213,New,,
21010980049970,Raps,14.29300,22.04700,0.63613,2024-08-14 00:15:37,2024-08-13 21:17:43.466705,New,,
21010980049971,Raps,9.88900,21.48200,0.66311,2024-08-14 00:16:06,2024-08-13 21:18:26.90329,New,,
21010980049972,Raps,9.11400,22.13700,0.66336,2024-08-14 00:22:27,2024-08-13 21:24:33.347407,New,,
21010980049973,Raps,10.17500,20.95100,0.66583,2024-08-14 00:34:05,2024-08-13 21:39:44.476592,New,,
21010980049975,Raps,14.44400,22.27200,0.62549,2024-08-14 00:46:38,2024-08-13 21:49:46.812905,New,,
21010980049976,Raps,8.27000,20.70300,0.65989,2024-08-14 00:51:16,2024-08-13 21:53:21.945223,New,,
21010980049977,Raps,9.97600,19.15600,0.66138,2024-08-14 01:07:29,2024-08-13 22:09:51.287158,New,,
21010980049978,Raps,10.83900,18.77200,0.65766,2024-08-14 01:19:05,2024-08-13 22:21:10.971108,New,,
21010980049979,Raps,10.49600,18.28700,0.65667,2024-08-14 01:37:35,2024-08-13 22:39:58.302232,New,,
21010980049980,Raps,10.70300,17.86900,0.65469,2024-08-14 02:00:04,2024-08-13 23:02:10.531858,New,,
21010980049981,Raps,10.36100,18.27600,0.65445,2024-08-14 02:21:17,2024-08-13 23:23:24.263761,New,,
21010980049982,Raps,8.77500,20.92900,0.66088,2024-08-14 02:32:53,2024-08-13 23:40:14.377346,New,,
21010980049983,Raps,8.15400,23.37900,0.66262,2024-08-14 02:41:11,2024-08-13 23:43:17.70779,New,,
21010980049984,Raps,15.96700,24.94800,0.65296,2024-08-14 02:44:55,2024-08-13 23:50:17.117911,New,,
21010980049985,Raps,7.57700,27.30800,0.66311,2024-08-14 02:59:18,2024-08-14 00:01:24.610524,New,,
21010980049986,Raps,17.43000,24.53000,0.64059,2024-08-14 03:22:16,2024-08-14 00:24:22.548191,New,,
21010980049987,Raps,8.17500,23.31100,0.66039,2024-08-14 03:22:49,2024-08-14 00:24:55.173634,New,,
21010980049989,Raps,16.97900,24.63200,0.64925,2024-08-14 03:56:40,2024-08-14 01:00:36.760179,New,,
21010980049990,Raps,7.24500,20.61300,0.66064,2024-08-14 04:27:49,2024-08-14 01:29:54.685118,New,,
21010980049991,Raps,16.70300,24.89200,0.63167,2024-08-14 04:32:15,2024-08-14 01:34:21.471735,New,,
21010980049992,Raps,7.10800,20.57900,0.65866,2024-08-14 04:52:08,2024-08-14 01:54:14.248453,New,,
21010980049993,Raps,16.30100,24.23700,0.60668,2024-08-14 05:10:24,2024-08-14 02:12:30.795262,New,,
21010980049994,Raps,7.21500,20.81600,0.65816,2024-08-14 05:22:07,2024-08-14 02:24:13.576413,New,,
21010980049995,Raps,14.08600,23.92100,0.63811,2024-08-14 05:46:03,2024-08-14 02:51:06.164158,New,,
21010980049996,Raps,7.45800,20.55600,0.65816,2024-08-14 05:50:30,2024-08-14 02:52:36.621912,New,,
21010980049997,Raps,8.21900,20.63500,0.65841,2024-08-14 06:19:06,2024-08-14 03:21:11.793513,New,,
21010980049998,Raps,14.16100,24.84600,0.64034,2024-08-14 06:20:48,2024-08-14 03:22:54.395054,New,,
21010980049999,Raps,8.34400,20.63500,0.65692,2024-08-14 06:47:05,2024-08-14 03:51:21.417914,New,,
21010980050000,Raps,13.91800,25.12900,0.63663,2024-08-14 06:53:20,2024-08-14 03:55:26.22742,New,,
21010980050001,Raps,8.79900,21.29000,0.65544,2024-08-14 07:17:04,2024-08-14 04:19:10.063796,New,,
21010980050002,Raps,13.43800,24.86900,0.61880,2024-08-14 07:27:23,2024-08-14 04:31:32.307208,New,,
21010980050003,Raps,8.76800,20.75900,0.65222,2024-08-14 07:45:06,2024-08-14 04:51:37.284162,New,,
21010980050004,Raps,22.42300,25.75000,0.57821,2024-08-14 12:29:00,2024-08-14 09:31:06.03581,New,,
21010980050005,Raps,7.34600,23.08500,0.64504,2024-08-14 13:12:10,2024-08-14 10:14:16.623454,New,,
21010980050006,Raps,20.99200,25.77200,0.63167,2024-08-14 13:27:49,2024-08-14 10:29:55.19498,New,,
21010980050007,Raps,7.50200,22.80300,0.64529,2024-08-14 13:40:49,2024-08-14 10:42:54.5358,Processed,2024-08-14 10:57:23.672804,operator
21010980050008,Raps,7.34200,23.79600,0.64356,2024-08-14 14:14:35,2024-08-14 11:16:40.916252,New,,
21010980050009,Nisu,20.31300,27.82700,0.73537,2024-08-14 14:31:16,2024-08-14 11:33:21.871001,New,,
21010980050010,Raps,6.60400,24.48500,0.65346,2024-08-14 14:34:54,2024-08-14 11:37:00.159061,New,,
21010980050011,Raps,21.58600,26.30300,0.61484,2024-08-14 14:38:30,2024-08-14 11:40:35.499275,New,,
21010980050012,Nisu,19.61300,26.77700,0.74574,2024-08-14 14:45:22,2024-08-14 11:47:27.463387,New,,
21010980050013,Raps,6.13900,26.57400,0.64999,2024-08-14 15:09:24,2024-08-14 12:11:29.269976,New,,
21010980050014,Raps,6.54400,26.35900,0.64430,2024-08-14 16:03:27,2024-08-14 13:05:32.926503,New,,
21010980050015,Nisu,17.62600,28.80900,0.76205,2024-08-14 16:56:24,2024-08-14 13:58:29.464212,New,,
21010980050016,Raps,12.35400,22.02400,0.62301,2024-08-14 18:51:15,2024-08-14 15:53:21.083409,New,,
21010980050017,Raps,12.76000,27.11600,0.62029,2024-08-14 19:09:32,2024-08-14 16:11:38.343286,New,,
21010980050018,Raps,6.88300,37.15300,0.63390,2024-08-14 20:12:13,2024-08-14 17:14:18.451535,New,,
21010980050019,Raps,7.19600,42.09800,0.63737,2024-08-14 20:34:11,2024-08-14 17:36:16.438952,New,,
21010980050020,Raps,5.58400,28.74100,0.63984,2024-08-14 21:17:13,2024-08-14 18:19:17.801555,New,,
21010980050021,Raps,5.61000,25.42200,0.63539,2024-08-14 21:39:15,2024-08-14 18:41:20.049986,New,,
21010980050022,Raps,5.93300,23.23200,0.63267,2024-08-14 21:56:23,2024-08-14 18:58:28.636182,New,,
21010980050023,Nisu,19.82100,27.91700,0.75044,2024-08-14 23:54:29,2024-08-14 20:56:33.977558,New,,
21010980050024,Nisu,18.76300,28.59500,0.76032,2024-08-15 00:17:45,2024-08-14 21:19:50.732787,New,,
21010980050025,Nisu,18.65200,28.32400,0.76476,2024-08-15 00:33:09,2024-08-14 21:35:13.976899,New,,
21010980050026,Nisu,18.28100,28.31200,0.76476,2024-08-15 00:49:11,2024-08-14 21:51:16.158534,New,,
21010980050027,Nisu,18.07500,28.41400,0.76748,2024-08-15 01:05:33,2024-08-14 22:07:38.118952,New,,
21010980050028,Nisu,18.79100,28.44800,0.76205,2024-08-15 01:22:47,2024-08-14 22:24:52.368568,New,,
21010980050029,Nisu,18.25400,28.42500,0.76476,2024-08-15 01:37:59,2024-08-14 22:40:04.242618,New,,
21010980050030,Nisu,18.82500,29.61100,0.75933,2024-08-15 02:14:04,2024-08-14 23:16:09.622031,New,,
21010980050031,Nisu,17.34200,30.61600,0.77662,2024-08-15 02:43:32,2024-08-14 23:45:37.441594,New,,
21010980050032,Nisu,15.57400,37.34400,0.78057,2024-08-15 03:13:53,2024-08-15 00:15:58.276989,New,,
21010980050033,Nisu,14.95200,39.36500,0.78576,2024-08-15 03:33:53,2024-08-15 00:35:58.07143,Processed,2024-08-15 00:53:40.450838,operator
21010980050034,Nisu,13.71800,43.80200,0.78971,2024-08-15 03:53:53,2024-08-15 00:55:58.138503,Processed,2024-08-15 00:56:49.385664,operator
21010980050035,Nisu,12.91400,40.26900,0.79515,2024-08-15 04:11:37,2024-08-15 01:13:42.46506,New,,
21010980050036,Nisu,13.24800,31.21400,0.78947,2024-08-15 04:19:38,2024-08-15 01:21:43.132646,New,,
21010980050038,Nisu,13.22200,21.43700,0.79194,2024-08-15 04:39:11,2024-08-15 01:41:43.3925,New,,
21010980050039,Nisu,12.92800,16.70600,0.78922,2024-08-15 05:09:34,2024-08-15 02:11:51.835825,New,,
21010980050040,Nisu,18.65800,27.89500,0.76106,2024-08-15 05:16:12,2024-08-15 02:21:55.402726,New,,
21010980050041,Nisu,13.79200,18.67100,0.79342,2024-08-15 05:39:05,2024-08-15 02:42:01.304716,New,,
21010980050042,Nisu,18.56200,27.91700,0.76180,2024-08-15 06:04:20,2024-08-15 03:06:25.16492,New,,
21010980050043,Nisu,13.53400,17.72200,0.79095,2024-08-15 06:05:03,2024-08-15 03:12:09.352804,New,,
21010980050044,Nisu,13.45100,19.89000,0.79268,2024-08-15 06:30:31,2024-08-15 03:32:35.708643,New,,
21010980050045,Nisu,18.38500,27.26300,0.76180,2024-08-15 06:34:20,2024-08-15 03:36:24.79707,New,,
21010980050047,Nisu,13.22700,19.74300,0.79465,2024-08-15 06:53:29,2024-08-15 03:56:04.81389,New,,
21010980050049,Nisu,13.45200,19.59700,0.78971,2024-08-15 07:20:27,2024-08-15 04:26:13.67225,New,,
21010980050050,Nisu,12.98300,18.31000,0.78576,2024-08-15 07:42:23,2024-08-15 04:44:27.998027,New,,
21010980050051,Nisu,12.79800,19.21300,0.78798,2024-08-15 08:18:25,2024-08-15 05:20:30.20657,New,,
21010980050053,Nisu,19.56800,27.04800,0.74352,2024-08-15 08:53:52,2024-08-15 05:56:40.685189,New,,
21010980050055,Nisu,19.60500,25.55800,0.72573,2024-08-15 09:21:58,2024-08-15 06:26:49.815843,New,,
21010980050056,Nisu,12.44000,22.34000,0.78897,2024-08-15 09:44:43,2024-08-15 06:46:55.240886,New,,
21010980050057,Nisu,17.37000,27.35300,0.76205,2024-08-15 09:45:42,2024-08-15 06:47:46.628125,New,,
21010980050058,Nisu,13.01100,21.62900,0.80033,2024-08-15 10:52:35,2024-08-15 07:54:40.117092,New,,
21010980050059,Nisu,12.77500,22.36300,0.78601,2024-08-15 10:58:39,2024-08-15 08:00:44.0121,New,,
21010980050060,Nisu,17.28300,26.89000,0.77020,2024-08-15 11:01:11,2024-08-15 08:03:15.927724,New,,
21010980050061,Nisu,14.04500,24.73400,0.79021,2024-08-15 11:42:22,2024-08-15 08:44:26.705812,New,,
21010980050062,Nisu,17.34500,27.43200,0.77217,2024-08-15 12:01:53,2024-08-15 09:03:57.818331,New,,
21010980050063,Nisu,13.65700,25.82900,0.79021,2024-08-15 12:43:39,2024-08-15 09:45:42.998764,New,,
21010980050064,Nisu,17.28100,25.99800,0.76303,2024-08-15 12:44:26,2024-08-15 09:46:30.212243,New,,
21010980050065,Nisu,12.63400,26.10000,0.78749,2024-08-15 13:16:22,2024-08-15 10:20:52.755756,New,,
21010980050066,Nisu,17.13100,27.90600,0.76427,2024-08-15 13:39:56,2024-08-15 10:42:00.313105,New,,
21010980050067,Nisu,13.31400,27.96200,0.78724,2024-08-15 13:41:55,2024-08-15 10:43:59.292311,New,,
21010980050068,Nisu,13.45900,28.56100,0.78230,2024-08-15 14:26:04,2024-08-15 11:32:00.732034,New,,
21010980050069,Nisu,17.30900,27.56700,0.77119,2024-08-15 14:39:45,2024-08-15 11:42:04.502594,New,,
21010980050070,Nisu,12.74200,27.24000,0.78181,2024-08-15 14:41:35,2024-08-15 11:43:38.912404,New,,
21010980050072,Nisu,17.13100,27.38700,0.76970,2024-08-15 15:25:45,2024-08-15 12:31:20.488318,New,,
21010980050073,Nisu,13.22100,28.65100,0.78675,2024-08-15 16:12:33,2024-08-15 13:14:37.726068,New,,
21010980050074,Nisu,13.98200,29.91600,0.78774,2024-08-15 16:43:19,2024-08-15 13:45:23.849862,New,,
21010980050075,Nisu,13.11000,28.17700,0.78650,2024-08-15 17:34:44,2024-08-15 14:36:48.591939,New,,
21010980050076,Nisu,17.12000,28.21100,0.76476,2024-08-15 17:35:45,2024-08-15 14:37:49.44362,New,,
21010980050077,Nisu,13.46000,29.35100,0.79021,2024-08-15 18:01:47,2024-08-15 15:03:50.888925,New,,
21010980050078,Nisu,13.89800,29.73500,0.78872,2024-08-15 18:42:20,2024-08-15 15:44:24.655631,New,,
21010980050079,Nisu,17.38100,26.66400,0.75933,2024-08-15 18:47:23,2024-08-15 15:49:27.449472,New,,
21010980050080,Nisu,13.23700,27.00300,0.78650,2024-08-15 19:19:58,2024-08-15 16:25:51.763591,New,,
21010980050081,Nisu,16.62300,27.96200,0.77539,2024-08-15 20:08:51,2024-08-15 17:10:55.556325,New,,
21010980050082,Nisu,13.87000,29.20400,0.78848,2024-08-15 20:09:37,2024-08-15 17:11:41.795533,New,,
21010980050084,Nisu,14.30300,27.83800,0.78378,2024-08-15 20:49:44,2024-08-15 17:56:18.124365,New,,
21010980050085,Nisu,16.83900,28.50400,0.77390,2024-08-15 21:08:03,2024-08-15 18:10:07.402013,New,,
21010980050086,Nisu,14.37100,27.77100,0.78527,2024-08-15 21:08:29,2024-08-15 18:10:32.671788,New,,
21010980050087,Nisu,15.75700,29.73500,0.78329,2024-08-15 21:35:28,2024-08-15 18:37:32.032036,New,,
21010980050088,Nisu,14.03100,24.68800,0.78428,2024-08-15 21:35:56,2024-08-15 18:38:00.236619,New,,
21010980050090,Nisu,14.06100,26.56300,0.78527,2024-08-15 22:03:31,2024-08-15 19:08:29.184838,New,,
21010980050091,Nisu,13.87200,26.56300,0.78798,2024-08-15 22:28:03,2024-08-15 19:30:07.031314,New,,
21010980050092,Nisu,15.92200,29.06900,0.77934,2024-08-15 22:50:40,2024-08-15 19:52:44.059824,New,,
21010980050093,Nisu,13.07900,24.05600,0.78724,2024-08-15 22:51:10,2024-08-15 19:53:14.521726,New,,
21010980050094,Nisu,15.18700,29.50900,0.78329,2024-08-15 23:21:14,2024-08-15 20:23:18.308422,New,,
21010980050095,Nisu,12.78800,24.75600,0.78947,2024-08-15 23:21:35,2024-08-15 20:23:39.361356,New,,
21010980050097,Nisu,13.25400,29.05800,0.79144,2024-08-15 23:55:21,2024-08-15 20:59:07.48977,New,,
21010980050098,Nisu,13.38400,27.36400,0.79268,2024-08-16 00:21:27,2024-08-15 21:23:31.377383,New,,
21010980050099,Nisu,17.50600,22.90500,0.75266,2024-08-16 00:43:11,2024-08-15 21:49:16.623536,New,,
21010980050101,Nisu,12.83700,24.84600,0.79070,2024-08-16 00:56:35,2024-08-15 21:59:19.163613,New,,
21010980050103,Nisu,13.19800,27.46600,0.79292,2024-08-16 01:25:00,2024-08-15 22:29:28.020353,New,,
21010980050105,Nisu,13.09600,24.22600,0.79119,2024-08-16 01:53:02,2024-08-15 22:59:35.854882,New,,
21010980050107,Nisu,18.13600,25.05000,0.75711,2024-08-16 02:25:27,2024-08-15 23:29:44.099611,New,,
21010980050108,Nisu,13.49000,20.83900,0.78131,2024-08-16 02:52:57,2024-08-15 23:59:55.41027,New,,
21010980050109,Nisu,13.43900,20.27400,0.77539,2024-08-16 03:25:32,2024-08-16 00:27:35.421697,New,,
21010980050110,Nisu,17.48200,23.46900,0.75933,2024-08-16 03:34:01,2024-08-16 00:36:04.769769,New,,
21010980050111,Nisu,13.37700,20.33000,0.77069,2024-08-16 03:55:42,2024-08-16 00:57:45.237257,New,,
21010980050112,Nisu,13.25500,20.72600,0.76872,2024-08-16 03:56:55,2024-08-16 00:58:58.646974,New,,
21010980050113,Nisu,17.72500,24.03400,0.75365,2024-08-16 04:08:15,2024-08-16 01:10:19.408868,New,,
21010980050114,Nisu,18.11900,25.21900,0.75340,2024-08-16 04:24:57,2024-08-16 01:27:00.96692,New,,
21010980050115,Nisu,12.97500,20.08200,0.77119,2024-08-16 04:25:20,2024-08-16 01:27:23.279593,New,,
21010980050116,Nisu,17.69100,23.26600,0.75711,2024-08-16 04:54:39,2024-08-16 01:56:42.985446,New,,
21010980050117,Nisu,13.10800,19.74300,0.77267,2024-08-16 04:56:06,2024-08-16 01:58:10.635558,Processed,2024-08-16 02:02:30.886075,operator
21010980050119,Nisu,13.24200,20.52200,0.77489,2024-08-16 05:26:02,2024-08-16 02:30:01.983218,New,,
21010980050120,Nisu,12.97800,21.60600,0.77341,2024-08-16 05:58:16,2024-08-16 03:00:20.15338,New,,
21010980050121,Nisu,18.19600,25.35400,0.75760,2024-08-16 06:01:22,2024-08-16 03:03:25.351952,New,,
21010980050122,Nisu,13.29500,22.14800,0.76970,2024-08-16 06:26:50,2024-08-16 03:30:01.867682,New,,
21010980050123,Nisu,18.23500,25.12900,0.74846,2024-08-16 06:57:32,2024-08-16 03:59:37.268678,New,,
21010980050124,Nisu,13.26700,21.77600,0.77119,2024-08-16 06:57:55,2024-08-16 03:59:59.39092,New,,
21010980050125,Nisu,17.87000,24.41700,0.74747,2024-08-16 07:21:31,2024-08-16 04:23:34.747472,New,,
21010980050126,Nisu,13.05100,21.76400,0.77761,2024-08-16 07:22:04,2024-08-16 04:24:07.848704,New,,
21010980050127,Nisu,13.50900,22.58800,0.77514,2024-08-16 07:44:14,2024-08-16 04:50:13.03034,New,,
21010980050128,Nisu,13.68800,23.78500,0.77390,2024-08-16 08:15:44,2024-08-16 05:20:12.260336,New,,
21010980050129,Nisu,15.09200,26.92400,0.78033,2024-08-16 08:24:56,2024-08-16 05:30:02.603302,New,,
21010980050130,Nisu,14.15200,24.70000,0.77119,2024-08-16 08:58:39,2024-08-16 06:00:42.810017,New,,
21010980050131,Nisu,15.07100,26.42700,0.77613,2024-08-16 09:00:07,2024-08-16 06:02:10.56857,New,,
21010980050132,Nisu,13.00500,21.74200,0.79638,2024-08-16 09:24:47,2024-08-16 06:30:02.74994,New,,
21010980050133,Nisu,14.10100,25.12900,0.77415,2024-08-16 09:36:07,2024-08-16 06:38:10.758166,New,,
21010980050134,Nisu,14.92000,26.35900,0.75414,2024-08-16 09:37:30,2024-08-16 06:40:10.483399,New,,
21010980050135,Nisu,13.07800,21.80900,0.79836,2024-08-16 09:53:34,2024-08-16 07:00:02.743716,New,,
21010980050136,Nisu,13.20100,25.84000,0.77193,2024-08-16 10:03:52,2024-08-16 07:05:55.829402,New,,
21010980050137,Nisu,15.30100,27.59000,0.77168,2024-08-16 10:06:04,2024-08-16 07:08:07.583218,New,,
21010980050138,Nisu,12.73100,30.78500,0.78008,2024-08-16 10:38:13,2024-08-16 07:40:16.498986,New,,
21010980050139,Nisu,15.26900,26.31400,0.76995,2024-08-16 10:39:03,2024-08-16 07:41:06.784465,New,,
21010980050141,Nisu,14.88300,27.43200,0.78206,2024-08-16 11:06:47,2024-08-16 08:10:09.404631,New,,
21010980050142,Nisu,13.16700,23.40100,0.78823,2024-08-16 11:20:39,2024-08-16 08:22:42.23754,New,,
21010980050143,Nisu,13.26300,30.19800,0.78551,2024-08-16 11:38:10,2024-08-16 08:40:12.798735,New,,
21010980050144,Nisu,15.02600,28.82100,0.77909,2024-08-16 11:39:02,2024-08-16 08:41:04.99967,New,,
21010980050146,Nisu,14.96100,26.91300,0.77193,2024-08-16 12:17:47,2024-08-16 09:20:12.456573,New,,
21010980050147,Nisu,13.02300,24.14600,0.78206,2024-08-16 12:21:11,2024-08-16 09:23:14.203049,New,,
21010980050148,Nisu,13.02300,23.19800,0.78971,2024-08-16 12:47:22,2024-08-16 09:50:17.875985,New,,
21010980050149,Nisu,13.47900,29.66700,0.79342,2024-08-16 12:50:34,2024-08-16 09:52:36.907787,New,,
21010980050150,Nisu,15.30900,28.03000,0.77662,2024-08-16 12:51:41,2024-08-16 09:53:44.142831,New,,
21010980050151,Hernes,18.28800,24.93700,0.76856,2024-08-16 15:13:30,2024-08-16 12:16:36.5611,New,,
21010980050152,Nisu,13.62700,23.94300,0.78872,2024-08-16 16:03:40,2024-08-16 13:10:09.695466,New,,
21010980050154,Nisu,15.83200,27.83800,0.77094,2024-08-16 16:16:35,2024-08-16 13:20:12.23958,New,,
21010980050155,Nisu,13.32100,28.34600,0.78897,2024-08-16 16:42:42,2024-08-16 13:44:45.432918,New,,
21010980050156,Nisu,15.64500,27.65800,0.75464,2024-08-16 16:44:01,2024-08-16 13:50:12.497588,New,,
21010980050157,Nisu,13.06200,29.84800,0.79021,2024-08-16 17:22:01,2024-08-16 14:24:03.719857,New,,
21010980050158,Nisu,15.05300,27.39800,0.77489,2024-08-16 17:23:03,2024-08-16 14:25:06.101195,New,,
21010980050160,Nisu,13.59100,30.01700,0.78477,2024-08-16 17:56:03,2024-08-16 15:00:02.474142,New,,
21010980050161,Nisu,14.88300,26.13400,0.75390,2024-08-16 18:18:52,2024-08-16 15:20:55.169893,New,,
21010980050162,Nisu,13.55600,30.37900,0.78255,2024-08-16 18:37:33,2024-08-16 15:40:09.131216,New,,
21010980050163,Nisu,14.92200,26.67500,0.77934,2024-08-16 18:38:14,2024-08-16 15:40:17.098764,New,,
21010980050165,Nisu,15.75100,25.86300,0.76896,2024-08-16 19:24:05,2024-08-16 16:30:02.054387,New,,
21010980050166,Nisu,15.22700,26.74300,0.77786,2024-08-16 20:09:34,2024-08-16 17:11:36.459941,New,,
21010980050167,Nisu,14.12500,28.42500,0.78576,2024-08-16 20:10:04,2024-08-16 17:12:07.582249,New,,
21010980050168,Nisu,13.94800,27.33000,0.78304,2024-08-16 20:43:41,2024-08-16 17:45:43.627347,New,,
21010980050169,Hernes,18.39900,23.78500,0.74207,2024-08-16 21:15:06,2024-08-16 18:20:11.921837,New,,
21010980050170,Nisu,15.63000,26.37100,0.77267,2024-08-16 21:18:15,2024-08-16 18:20:18.077696,New,,
21010980050171,Nisu,13.69900,30.78500,0.78601,2024-08-16 21:18:43,2024-08-16 18:20:46.060819,New,,
21010980050172,Nisu,13.99000,29.69000,0.78477,2024-08-16 21:57:17,2024-08-16 19:00:01.988159,New,,
21010980050173,Nisu,13.96900,28.27900,0.78650,2024-08-16 22:18:33,2024-08-16 19:20:35.897747,New,,
21010980050174,Nisu,16.30600,26.51700,0.77069,2024-08-16 22:18:56,2024-08-16 19:20:59.025868,New,,
21010980050177,Nisu,13.76000,25.71600,0.78378,2024-08-16 22:45:57,2024-08-16 19:50:13.507967,New,,
21010980050178,Nisu,16.06000,27.01400,0.77366,2024-08-16 23:11:49,2024-08-16 20:13:52.145358,New,,
21010980050179,Nisu,13.90200,27.39800,0.78428,2024-08-16 23:12:42,2024-08-16 20:14:44.678065,New,,
21010980050180,Nisu,15.22200,26.60800,0.77711,2024-08-16 23:41:22,2024-08-16 20:43:24.684467,New,,
21010980050181,Nisu,13.78500,26.61900,0.78057,2024-08-16 23:41:53,2024-08-16 20:43:55.900533,New,,
21010980050182,Nisu,14.87200,26.73200,0.77613,2024-08-17 00:11:23,2024-08-16 21:13:26.220102,New,,
21010980050183,Nisu,13.91100,26.67500,0.78329,2024-08-17 00:11:54,2024-08-16 21:13:57.37598,New,,
21010980050184,Nisu,15.56100,26.54000,0.77341,2024-08-17 00:40:51,2024-08-16 21:42:54.025853,New,,
21010980050185,Nisu,13.55500,25.62500,0.77983,2024-08-17 00:41:26,2024-08-16 21:43:29.236333,New,,
21010980050186,Nisu,14.94200,26.19000,0.77045,2024-08-17 01:10:47,2024-08-16 22:12:49.717364,New,,
21010980050187,Nisu,13.73200,27.19500,0.78230,2024-08-17 01:11:14,2024-08-16 22:13:16.940427,New,,
21010980050188,Nisu,15.85700,25.49000,0.77292,2024-08-17 01:47:28,2024-08-16 22:50:07.057165,New,,
21010980050189,Nisu,13.04500,27.91700,0.78378,2024-08-17 01:48:16,2024-08-16 22:50:19.132654,New,,
21010980050191,Nisu,13.40500,23.23200,0.77292,2024-08-17 02:15:40,2024-08-16 23:20:11.196949,New,,
21010980050192,Nisu,13.33700,24.76700,0.77884,2024-08-17 02:44:45,2024-08-16 23:50:11.662258,New,,
21010980050193,Nisu,16.55700,25.93000,0.77341,2024-08-17 02:48:23,2024-08-16 23:50:26.122721,New,,
21010980050194,Nisu,13.30100,25.90800,0.77736,2024-08-17 03:14:09,2024-08-17 00:20:10.895972,New,,
21010980050195,Nisu,16.60900,26.40400,0.77390,2024-08-17 03:27:58,2024-08-17 00:30:01.444165,New,,
21010980050197,Nisu,16.69700,26.52900,0.77514,2024-08-17 03:44:18,2024-08-17 00:50:12.575543,New,,
21010980050198,Nisu,13.29000,24.24800,0.77662,2024-08-17 04:12:23,2024-08-17 01:14:25.250249,New,,
21010980050199,Nisu,16.41900,26.47200,0.77489,2024-08-17 04:13:17,2024-08-17 01:20:13.642085,New,,
21010980050200,Nisu,16.64500,25.95300,0.76946,2024-08-17 04:40:49,2024-08-17 01:42:51.823102,New,,
21010980050201,Nisu,13.62100,25.97500,0.78527,2024-08-17 04:41:28,2024-08-17 01:43:31.06548,New,,
21010980050203,Nisu,16.52800,26.24600,0.77514,2024-08-17 05:15:19,2024-08-17 02:20:12.104383,New,,
21010980050205,Nisu,17.36900,26.52900,0.76476,2024-08-17 05:45:13,2024-08-17 02:50:13.385671,New,,
21010980050206,Nisu,14.16900,23.98800,0.78675,2024-08-17 06:12:43,2024-08-17 03:14:45.52072,New,,
21010980050207,Nisu,17.29300,26.39300,0.76798,2024-08-17 06:18:44,2024-08-17 03:20:47.312816,New,,
21010980050208,Nisu,14.11100,23.68400,0.78378,2024-08-17 06:39:16,2024-08-17 03:41:18.409579,New,,
21010980050209,Nisu,13.76100,23.41300,0.78255,2024-08-17 07:12:12,2024-08-17 04:14:14.30473,New,,
21010980050210,Nisu,17.56500,25.93000,0.75118,2024-08-17 07:21:21,2024-08-17 04:23:23.268593,New,,
21010980050211,Nisu,13.56100,23.79600,0.78280,2024-08-17 07:40:40,2024-08-17 04:42:41.707474,New,,
21010980050212,Nisu,17.93800,26.19000,0.75587,2024-08-17 07:41:32,2024-08-17 04:43:34.622087,New,,
21010980050213,Nisu,13.91400,24.41700,0.78280,2024-08-17 08:45:49,2024-08-17 05:50:13.277845,New,,
21010980050214,Nisu,14.27600,24.20300,0.77711,2024-08-17 09:19:22,2024-08-17 06:21:23.559328,New,,
21010980050215,Nisu,15.12900,23.66100,0.78378,2024-08-17 11:19:33,2024-08-17 08:21:35.227287,New,,
21010980050216,Nisu,14.43600,23.20900,0.78576,2024-08-17 11:32:31,2024-08-17 08:34:33.39672,New,,
21010980050217,Nisu,14.90100,23.36700,0.78601,2024-08-17 11:44:23,2024-08-17 08:50:11.529529,New,,
21010980050218,Nisu,14.19200,22.80300,0.78428,2024-08-17 11:59:18,2024-08-17 09:01:20.537987,New,,
21010980050219,Hernes,16.58700,21.96700,0.74380,2024-08-17 12:32:05,2024-08-17 09:34:07.479493,New,,
21010980050220,Hernes,15.57000,27.77100,0.78192,2024-08-17 13:12:18,2024-08-17 10:14:20.465129,New,,
21010980050221,Nisu,13.96200,22.82600,0.78131,2024-08-17 13:20:35,2024-08-17 10:22:36.671121,New,,
21010980050222,Hernes,14.78800,34.14900,0.79677,2024-08-17 13:51:45,2024-08-17 10:53:47.056325,New,,
21010980050223,Hernes,15.37100,23.98800,0.77400,2024-08-17 15:14:00,2024-08-17 12:20:11.877115,New,,
21010980050224,Oder,20.20900,24.15800,0.62588,2024-08-17 16:13:03,2024-08-17 13:20:13.002838,New,,
21010980050225,Oder,21.93000,26.56300,0.61460,2024-08-17 18:03:47,2024-08-17 15:10:09.427779,New,,
21010980050226,Oder,24.83900,23.13000,0.60306,2024-08-18 11:01:20,2024-08-18 08:03:20.157745,New,,
21010980050227,Oder,15.88000,23.34500,0.63341,2024-08-18 11:41:46,2024-08-18 08:43:47.42157,New,,
21010980050228,Oder,21.92900,24.24800,0.61711,2024-08-18 11:44:16,2024-08-18 08:47:12.346985,New,,
21010980050229,Oder,14.48700,26.08800,0.64695,2024-08-18 12:31:13,2024-08-18 09:33:14.317904,New,,
21010980050230,Oder,19.50600,24.16900,0.63641,2024-08-18 13:10:44,2024-08-18 10:12:44.16,New,,
21010980050231,Oder,14.01800,22.11400,0.65322,2024-08-18 13:30:33,2024-08-18 10:32:33.623,New,,
21010980050232,Oder,21.36400,24.71100,0.60031,2024-08-18 13:47:52,2024-08-18 10:49:53.150533,New,,
21010980050233,Oder,15.95400,22.19300,0.63667,2024-08-18 14:16:47,2024-08-18 11:20:13.867989,New,,
21010980050234,Oder,15.62600,21.58400,0.64394,2024-08-18 14:20:39,2024-08-18 11:22:40.330303,New,,
21010980050235,Oder,15.12800,22.21600,0.64645,2024-08-18 14:39:05,2024-08-18 11:41:04.947783,New,,
21010980050236,Oder,14.32900,24.89200,0.65021,2024-08-18 14:50:47,2024-08-18 11:52:47.655328,New,,
21010980050237,Oder,14.26100,24.71100,0.65848,2024-08-18 15:03:32,2024-08-18 12:10:08.965021,New,,
21010980050238,Oder,17.02100,26.83300,0.64168,2024-08-18 15:59:34,2024-08-18 13:01:35.055899,New,,
21010980050239,Oder,14.40700,25.72700,0.65597,2024-08-18 16:02:00,2024-08-18 13:04:00.769666,New,,
21010980050240,Oder,13.50500,27.16100,0.64293,2024-08-18 17:37:53,2024-08-18 14:40:08.804669,New,,
21010980050241,Oder,12.56200,33.75400,0.65096,2024-08-18 18:04:52,2024-08-18 15:10:09.885748,New,,
21010980050242,Oder,12.21800,33.04300,0.65472,2024-08-18 18:18:14,2024-08-18 15:20:14.777785,New,,
21010980050243,Oder,12.21900,26.56300,0.63566,2024-08-18 18:36:00,2024-08-18 15:37:59.932357,New,,
21010980050244,Oder,15.65500,23.98800,0.64344,2024-08-18 19:22:05,2024-08-18 16:24:04.766773,New,,
21010980050245,Oder,18.34000,20.90600,0.63215,2024-08-19 09:11:50,2024-08-19 06:13:49.986234,New,,
21010980050246,Oder,17.47500,21.43700,0.63290,2024-08-19 09:19:31,2024-08-19 06:21:30.613031,New,,
21010980050247,Oder,17.41600,24.82400,0.65622,2024-08-19 10:02:56,2024-08-19 07:10:09.218217,New,,
21010980050248,Oder,16.04600,34.29600,0.64218,2024-08-19 10:09:32,2024-08-19 07:11:31.401147,New,,
21010980050249,Oder,16.98300,24.10100,0.63817,2024-08-19 10:12:13,2024-08-19 07:14:12.287017,New,,
21010980050250,Oder,14.05300,33.19000,0.65547,2024-08-19 10:44:03,2024-08-19 07:46:02.169595,New,,
21010980050251,Oder,12.79100,23.84200,0.65196,2024-08-19 10:57:38,2024-08-19 07:59:37.67055,New,,
21010980050252,Oder,17.76100,22.72400,0.64444,2024-08-19 11:02:31,2024-08-19 08:04:30.548698,New,,
21010980050253,Oder,12.38800,22.85900,0.65171,2024-08-19 11:32:25,2024-08-19 08:34:24.4837,New,,
21010980050254,Oder,17.97500,22.46400,0.63842,2024-08-19 11:36:23,2024-08-19 08:40:08.962856,New,,
21010980050255,Oder,12.80900,22.08000,0.64770,2024-08-19 12:05:27,2024-08-19 09:10:09.422023,New,,
21010980050257,Oder,17.83600,23.16400,0.63516,2024-08-19 12:36:52,2024-08-19 09:40:09.264876,New,,
21010980050258,Oder,14.89000,23.02900,0.65648,2024-08-19 12:39:26,2024-08-19 09:41:25.304068,New,,
21010980050259,Oder,14.70800,21.99000,0.65372,2024-08-19 12:48:36,2024-08-19 09:50:34.830372,New,,
21010980050260,Oder,14.35400,23.61600,0.65999,2024-08-19 12:54:04,2024-08-19 10:00:02.430177,New,,
21010980050261,Oder,12.70700,22.92700,0.64820,2024-08-19 13:00:39,2024-08-19 10:02:37.950355,New,,
21010980050262,Oder,12.84600,23.13000,0.64720,2024-08-19 13:07:01,2024-08-19 10:10:09.517033,New,,
21010980050263,Oder,14.23400,26.06600,0.66901,2024-08-19 13:09:27,2024-08-19 10:11:25.733987,New,,
21010980050264,Oder,17.61900,24.65500,0.64745,2024-08-19 13:19:46,2024-08-19 10:21:45.117564,New,,
21010980050265,Oder,13.65800,23.07400,0.65196,2024-08-19 13:22:01,2024-08-19 10:24:00.064578,New,,
21010980050266,Oder,12.81300,23.05100,0.64820,2024-08-19 13:52:27,2024-08-19 10:54:26.149014,New,,
21010980050268,Oder,18.43200,23.94300,0.63015,2024-08-19 14:06:15,2024-08-19 11:10:09.170398,New,,
21010980050269,Oder,12.95100,23.87600,0.65271,2024-08-19 14:21:07,2024-08-19 11:23:05.672577,New,,
21010980050270,Oder,17.75700,22.89300,0.63341,2024-08-19 14:40:32,2024-08-19 11:42:31.667109,New,,
21010980050271,Oder,14.00900,25.63700,0.67328,2024-08-19 14:48:14,2024-08-19 11:50:12.997398,New,,
21010980050272,Oder,13.26900,24.42900,0.65246,2024-08-19 14:55:23,2024-08-19 11:57:22.215486,New,,
21010980050273,Oder,13.95900,24.00000,0.66625,2024-08-19 15:20:36,2024-08-19 12:22:35.068562,New,,
21010980050276,Oder,13.61500,24.00000,0.65322,2024-08-19 15:36:58,2024-08-19 12:40:10.547072,New,,
21010980050277,Oder,13.34100,24.53000,0.65522,2024-08-19 16:09:59,2024-08-19 13:11:57.807444,New,,
21010980050278,Oder,13.60500,22.91600,0.66525,2024-08-19 16:26:20,2024-08-19 13:30:01.973516,New,,
21010980050279,Oder,17.60300,23.84200,0.62889,2024-08-19 16:59:17,2024-08-19 14:01:15.389032,New,,
21010980050280,Oder,17.51400,24.45100,0.64344,2024-08-19 17:16:13,2024-08-19 14:20:12.4237,New,,
21010980050281,Oder,13.42500,24.57500,0.65798,2024-08-19 17:18:39,2024-08-19 14:20:38.552256,New,,
21010980050282,Oder,13.51500,23.43500,0.66625,2024-08-19 17:21:48,2024-08-19 14:23:46.92385,New,,
21010980050283,Oder,16.51700,24.05600,0.65221,2024-08-19 18:02:40,2024-08-19 15:04:38.898372,New,,
21010980050284,Oder,13.38100,24.42900,0.66500,2024-08-19 18:06:24,2024-08-19 15:10:09.157147,New,,
21010980050285,Oder,13.30700,25.10600,0.65146,2024-08-19 18:08:28,2024-08-19 15:10:27.111949,New,,
21010980050286,Oder,16.16800,26.07700,0.59604,2024-08-19 18:12:42,2024-08-19 15:14:40.671653,New,,
21010980050287,Oder,13.47500,23.75100,0.67002,2024-08-19 18:22:13,2024-08-19 15:24:11.727077,New,,
21010980050288,Oder,19.54400,28.43700,0.64870,2024-08-19 18:29:18,2024-08-19 15:31:17.259381,New,,
21010980050289,Oder,13.13600,24.48500,0.64970,2024-08-19 19:03:51,2024-08-19 16:10:09.468949,New,,
21010980050290,Oder,16.54500,24.00000,0.64745,2024-08-19 19:28:30,2024-08-19 16:30:29.185685,New,,
21010980050291,Oder,13.70600,23.95500,0.65923,2024-08-19 19:30:28,2024-08-19 16:32:26.872905,New,,
21010980050293,Oder,13.40500,25.89600,0.64795,2024-08-19 19:35:03,2024-08-19 16:40:09.516305,New,,
21010980050294,Oder,17.57200,23.60500,0.55066,2024-08-20 08:29:45,2024-08-20 05:31:42.742376,New,,
21010980050295,Oder,14.19000,18.32100,0.66600,2024-08-20 08:31:56,2024-08-20 05:33:54.361181,New,,
21010980050296,Oder,16.58500,23.22100,0.64820,2024-08-20 08:47:21,2024-08-20 05:49:19.063205,New,,
21010980050297,Oder,13.43800,20.99700,0.62789,2024-08-20 09:01:28,2024-08-20 06:03:25.464095,New,,
21010980050298,Oder,16.23500,22.93800,0.62338,2024-08-20 09:03:09,2024-08-20 06:06:45.643448,New,,
21010980050299,Oder,13.90300,20.95100,0.65171,2024-08-20 09:05:54,2024-08-20 06:07:51.947215,New,,
21010980050300,Oder,12.94900,24.54200,0.63391,2024-08-20 09:29:35,2024-08-20 06:31:32.825367,New,,
21010980050301,Oder,16.14400,23.31100,0.61761,2024-08-20 09:31:17,2024-08-20 06:33:14.457984,New,,
21010980050302,Oder,16.44600,23.70600,0.64996,2024-08-20 09:35:02,2024-08-20 06:40:09.058415,New,,
21010980050303,Oder,13.85500,22.98400,0.65597,2024-08-20 09:38:19,2024-08-20 06:40:17.167487,New,,
21010980050304,Oder,13.33100,23.48000,0.61435,2024-08-20 10:14:42,2024-08-20 07:16:39.3695,New,,
21010980050306,Oder,16.56400,22.93800,0.64243,2024-08-20 10:17:06,2024-08-20 07:20:11.856567,New,,
21010980050307,Oder,13.91600,23.84200,0.66274,2024-08-20 10:18:39,2024-08-20 07:20:36.948788,New,,
21010980050309,Oder,16.27500,23.67200,0.60908,2024-08-20 10:54:19,2024-08-20 08:00:02.318582,New,,
21010980050310,Oder,13.84900,23.67200,0.66375,2024-08-20 10:58:39,2024-08-20 08:00:37.580521,New,,
21010980050311,Oder,16.42200,23.65000,0.65046,2024-08-20 11:14:44,2024-08-20 08:17:50.85061,New,,
21010980050312,Oder,13.34400,24.74500,0.63566,2024-08-20 11:39:38,2024-08-20 08:41:36.327243,New,,
21010980050313,Oder,13.57300,24.66600,0.66124,2024-08-20 11:43:45,2024-08-20 08:46:36.109659,New,,
21010980050314,Oder,16.57900,24.71100,0.61134,2024-08-20 11:45:52,2024-08-20 08:47:50.570213,New,,
21010980050315,Oder,16.37500,23.69500,0.65296,2024-08-20 11:52:08,2024-08-20 08:54:05.86173,New,,
21010980050316,Rukis,18.78600,24.70000,0.72403,2024-08-20 12:00:17,2024-08-20 09:02:14.876361,New,,
21010980050317,Oder,16.27600,24.72200,0.61961,2024-08-20 12:14:38,2024-08-20 09:16:35.788889,New,,
21010980050318,Oder,13.40600,24.86900,0.64293,2024-08-20 12:37:50,2024-08-20 09:40:09.358298,New,,
21010980050319,Oder,16.02300,24.15800,0.62889,2024-08-20 12:38:56,2024-08-20 09:40:54.606793,New,,
21010980050320,Oder,13.70100,24.10100,0.66074,2024-08-20 12:42:02,2024-08-20 09:43:59.774237,New,,
21010980050321,Oder,16.52200,23.88700,0.64970,2024-08-20 12:42:46,2024-08-20 09:44:43.15327,New,,
21010980050322,Oder,13.40700,24.31600,0.64645,2024-08-20 13:11:39,2024-08-20 10:13:36.670855,New,,
21010980050323,Oder,13.41700,25.35400,0.64369,2024-08-20 13:13:57,2024-08-20 10:15:54.596988,New,,
21010980050324,Oder,16.01600,23.86400,0.62613,2024-08-20 13:15:09,2024-08-20 10:17:06.147988,New,,
21010980050325,Oder,16.47300,24.21400,0.64770,2024-08-20 13:21:01,2024-08-20 10:22:59.181839,New,,
21010980050326,Oder,13.40900,25.86300,0.64544,2024-08-20 13:40:46,2024-08-20 10:42:44.401734,New,,
21010980050327,Oder,16.05500,23.95500,0.59980,2024-08-20 13:42:04,2024-08-20 10:44:01.812383,New,,
21010980050328,Oder,13.97300,25.03800,0.66977,2024-08-20 13:44:12,2024-08-20 10:46:35.975498,New,,
21010980050329,Oder,16.47300,24.49600,0.65296,2024-08-20 14:01:27,2024-08-20 11:03:24.304371,New,,
21010980050330,Oder,13.72600,24.68800,0.65873,2024-08-20 15:16:02,2024-08-20 12:20:13.379718,New,,
21010980050331,Rukis,17.17200,26.06600,0.71931,2024-08-20 15:33:06,2024-08-20 12:39:47.839659,New,,
21010980050332,Oder,16.38800,25.37700,0.65873,2024-08-20 15:38:48,2024-08-20 12:40:45.998833,New,,
21010980050333,Oder,13.42300,23.20900,0.63667,2024-08-20 15:56:54,2024-08-20 12:59:47.507124,New,,
21010980050334,Oder,13.26900,23.87600,0.65848,2024-08-20 16:23:54,2024-08-20 13:25:51.102993,New,,
21010980050335,Oder,16.53700,25.33200,0.65372,2024-08-20 16:26:25,2024-08-20 13:28:21.946023,New,,
21010980050336,Oder,16.72400,24.97100,0.65271,2024-08-20 17:16:32,2024-08-20 14:18:29.120899,New,,
21010980050337,Oder,13.84600,24.62100,0.67077,2024-08-20 17:18:42,2024-08-20 14:20:40.00532,New,,
21010980050338,Oder,13.51400,24.14600,0.66575,2024-08-20 18:23:12,2024-08-20 15:25:10.381501,New,,
21010980050339,Oder,16.66700,24.85800,0.65221,2024-08-20 18:25:13,2024-08-20 15:27:11.24257,New,,
21010980050340,Rukis,17.42500,27.11600,0.74739,2024-08-20 18:27:17,2024-08-20 15:30:01.482452,New,,
21010980050341,Oder,17.18200,29.30600,0.64920,2024-08-20 18:58:27,2024-08-20 16:00:25.38062,New,,
21010980050342,Rukis,17.55800,26.77700,0.75112,2024-08-20 19:04:24,2024-08-20 16:10:09.184362,New,,
21010980050343,Oder,13.82300,23.39000,0.66525,2024-08-20 19:13:55,2024-08-20 16:15:52.700116,New,,
21010980050344,Oder,16.84700,24.51900,0.65447,2024-08-20 19:15:17,2024-08-20 16:17:15.200775,Processed,2024-08-20 16:18:14.574601,operator
21010980050345,Oder,16.82000,24.51900,0.65547,2024-08-21 09:22:17,2024-08-21 06:24:13.127467,New,,
21010980050346,Rukis,14.97800,40.55100,0.74839,2024-08-21 09:59:32,2024-08-21 07:01:28.761865,New,,
21010980050347,Rukis,14.31600,36.45300,0.75609,2024-08-21 10:49:43,2024-08-21 07:51:39.250493,New,,
21010980050348,Oder,14.43600,23.39000,0.66550,2024-08-21 11:05:16,2024-08-21 08:10:09.035203,New,,
21010980050349,Rukis,12.51500,35.48200,0.76529,2024-08-21 11:12:24,2024-08-21 08:14:20.935871,New,,
21010980050350,Rukis,17.49700,26.66400,0.75187,2024-08-21 11:13:49,2024-08-21 08:20:11.988134,New,,
21010980050351,Oder,16.76400,23.75100,0.65397,2024-08-21 11:30:11,2024-08-21 08:32:07.864013,New,,
21010980050352,Oder,14.40800,22.06900,0.66350,2024-08-21 11:43:22,2024-08-21 08:46:36.453543,New,,
21010980050353,Rukis,12.65000,29.31700,0.76603,2024-08-21 11:45:14,2024-08-21 08:47:10.663871,New,,
21010980050354,Rukis,13.53700,25.95300,0.76753,2024-08-21 12:50:33,2024-08-21 09:52:29.771366,New,,
21010980050356,Oder,14.03700,23.98800,0.66350,2024-08-21 13:05:22,2024-08-21 10:10:09.441871,New,,
21010980050357,Rukis,16.18000,25.78400,0.74690,2024-08-21 13:18:02,2024-08-21 10:20:11.994893,New,,
21010980050358,Rukis,13.18000,26.74300,0.75883,2024-08-21 13:20:13,2024-08-21 10:22:09.731145,New,,
21010980050359,Rukis,13.45800,23.52600,0.66165,2024-08-21 13:42:36,2024-08-21 10:44:32.145563,New,,
21010980050360,Oder,13.60100,24.16900,0.66450,2024-08-21 13:44:17,2024-08-21 10:46:36.82342,New,,
21010980050361,Oder,16.51200,24.39500,0.65723,2024-08-21 13:44:46,2024-08-21 10:46:42.827051,New,,
21010980050362,Rukis,12.06400,26.42700,0.75659,2024-08-21 13:49:15,2024-08-21 10:51:11.382884,New,,
21010980050363,Rukis,17.55000,25.86300,0.75087,2024-08-21 13:51:09,2024-08-21 10:53:05.186896,New,,
21010980050364,Oder,16.63700,29.23800,0.65422,2024-08-21 14:08:48,2024-08-21 11:10:44.786348,New,,
21010980050366,Rukis,17.60000,25.23000,0.74392,2024-08-21 14:25:14,2024-08-21 11:30:02.169582,New,,
21010980050367,Oder,13.56500,23.43500,0.66074,2024-08-21 14:34:01,2024-08-21 11:40:08.565992,New,,
21010980050368,Rukis,14.24500,31.67700,0.76280,2024-08-21 15:05:46,2024-08-21 12:10:08.61194,New,,
21010980050369,Oder,16.65200,24.76700,0.65547,2024-08-21 15:12:00,2024-08-21 12:13:56.271378,New,,
21010980050370,Rukis,18.00600,24.21400,0.74093,2024-08-21 15:31:25,2024-08-21 12:33:21.286261,New,,
21010980050371,Rukis,14.38300,39.58000,0.75932,2024-08-21 15:37:15,2024-08-21 12:40:09.894256,New,,
21010980050372,Oder,14.22300,24.29300,0.64996,2024-08-21 15:49:46,2024-08-21 12:51:41.604219,New,,
21010980050373,Rukis,14.15100,26.22400,0.76579,2024-08-21 16:06:50,2024-08-21 13:10:09.532951,New,,
21010980050374,Rukis,16.71300,28.13200,0.73522,2024-08-21 16:10:40,2024-08-21 13:12:35.633999,New,,
21010980050375,Oder,16.41500,24.00000,0.64920,2024-08-21 16:32:13,2024-08-21 13:34:09.093414,New,,
21010980050377,Rukis,16.55200,26.54000,0.74615,2024-08-21 16:36:45,2024-08-21 13:40:09.380185,New,,
21010980050378,Oder,13.78300,25.05000,0.66801,2024-08-21 16:39:58,2024-08-21 13:41:53.830763,New,,
21010980050380,Rukis,16.76800,26.91300,0.73944,2024-08-21 17:07:45,2024-08-21 14:10:09.4306,New,,
21010980050381,Oder,13.71000,24.36100,0.66525,2024-08-21 17:26:46,2024-08-21 14:30:02.54578,New,,
21010980050383,Rukis,16.66000,27.21700,0.73969,2024-08-21 17:37:18,2024-08-21 14:40:10.299088,New,,
21010980050384,Rukis,13.19100,28.38000,0.75808,2024-08-21 18:15:44,2024-08-21 15:20:12.887392,New,,
21010980050385,Rukis,12.97300,27.17200,0.75510,2024-08-21 18:37:32,2024-08-21 15:40:09.379682,New,,
21010980050386,Rukis,16.66200,27.04800,0.74044,2024-08-21 18:38:29,2024-08-21 15:40:25.345294,New,,
21010980050387,Rukis,13.40700,29.78000,0.75609,2024-08-21 19:13:28,2024-08-21 16:15:24.382396,New,,
21010980050388,Rukis,16.61000,27.54500,0.74068,2024-08-21 19:14:25,2024-08-21 16:16:20.777436,New,,
21010980050389,Oder,14.29900,24.10100,0.65848,2024-08-21 19:49:50,2024-08-21 16:51:46.540516,New,,
21010980050390,Rukis,14.25000,22.25000,0.74193,2024-08-22 08:31:55,2024-08-22 05:33:49.983802,New,,
21010980050391,Rukis,17.30400,23.54800,0.71807,2024-08-22 08:33:40,2024-08-22 05:40:10.146841,New,,
21010980050392,Rukis,13.73200,26.10000,0.74988,2024-08-22 09:01:07,2024-08-22 06:03:02.409911,New,,
21010980050393,Rukis,17.36900,23.57100,0.72627,2024-08-22 09:02:13,2024-08-22 06:04:07.834555,New,,
21010980050395,Rukis,17.51500,24.00000,0.72900,2024-08-22 09:36:02,2024-08-22 06:40:09.632763,New,,
21010980050396,Rukis,13.14100,26.90100,0.74789,2024-08-22 10:00:48,2024-08-22 07:02:42.792851,New,,
21010980050397,Rukis,17.54200,23.77400,0.72577,2024-08-22 10:01:20,2024-08-22 07:03:15.922081,New,,
21010980050398,Rukis,13.84100,26.15600,0.74044,2024-08-22 10:37:28,2024-08-22 07:40:08.910033,New,,
21010980050399,Rukis,17.40500,24.07900,0.73298,2024-08-22 10:42:27,2024-08-22 07:44:22.225885,New,,
21010980050400,Rukis,13.17700,24.79000,0.73944,2024-08-22 11:08:34,2024-08-22 08:10:29.055479,New,,
21010980050401,Rukis,17.04900,23.65000,0.73124,2024-08-22 11:09:48,2024-08-22 08:11:43.640238,New,,
21010980050403,Rukis,17.12400,23.46900,0.73323,2024-08-22 11:44:18,2024-08-22 08:46:37.543861,New,,
21010980050405,Rukis,16.95700,23.32200,0.73199,2024-08-22 12:14:02,2024-08-22 09:20:12.834612,New,,
21010980050406,Rukis,13.48500,29.08000,0.74739,2024-08-22 12:43:04,2024-08-22 09:46:37.519744,New,,
21010980050407,Rukis,13.77200,29.13700,0.74590,2024-08-22 13:19:09,2024-08-22 10:21:03.818597,New,,
21010980050408,Rukis,16.84500,22.97200,0.72776,2024-08-22 13:20:12,2024-08-22 10:22:07.205014,New,,
21010980050410,Rukis,17.25700,24.73400,0.73472,2024-08-22 13:56:07,2024-08-22 11:00:02.468502,New,,
21010980050411,Rukis,14.04100,26.86700,0.73894,2024-08-22 14:39:05,2024-08-22 11:41:00.608296,New,,
21010980050412,Rukis,17.25800,23.81900,0.73472,2024-08-22 14:40:18,2024-08-22 11:42:12.237653,New,,
21010980050413,Rukis,13.56500,26.74300,0.73571,2024-08-22 15:09:12,2024-08-22 12:11:07.231012,New,,
21010980050414,Rukis,17.23300,23.95500,0.73223,2024-08-22 15:10:04,2024-08-22 12:11:59.556316,New,,
21010980050415,Rukis,13.58700,27.31900,0.74367,2024-08-22 15:39:04,2024-08-22 12:40:58.906004,New,,
21010980050416,Rukis,17.29800,23.90900,0.73696,2024-08-22 15:40:01,2024-08-22 12:41:55.457565,New,,
21010980050418,Rukis,17.28900,23.81900,0.73298,2024-08-22 16:16:44,2024-08-22 13:20:11.821393,New,,
21010980050420,Rukis,17.32300,23.95500,0.73223,2024-08-22 17:15:02,2024-08-22 14:20:12.922259,New,,
21010980050421,Rukis,13.87700,25.89600,0.74739,2024-08-22 18:00:21,2024-08-22 15:02:16.277249,New,,
21010980050422,Rukis,17.49300,24.45100,0.73422,2024-08-22 18:02:02,2024-08-22 15:03:56.826251,New,,
21010980050423,Oder,15.38600,30.51400,0.65974,2024-08-22 18:12:18,2024-08-22 15:14:12.664345,New,,
21010980050424,Oder,15.34100,30.02900,0.65948,2024-08-22 18:14:04,2024-08-22 15:20:11.997678,New,,
21010980050426,Rukis,17.12100,22.79200,0.71235,2024-08-22 18:58:01,2024-08-22 16:00:02.544556,New,,
21010980050427,Rukis,17.56000,24.46300,0.70589,2024-08-22 19:03:15,2024-08-22 16:10:09.153811,New,,
21010980050428,Rukis,13.93800,16.72900,0.74093,2024-08-23 08:32:25,2024-08-23 05:34:19.328221,New,,
21010980050429,Rukis,18.13400,21.59500,0.74118,2024-08-23 08:34:47,2024-08-23 05:40:09.050908,New,,
21010980050430,Rukis,13.61900,18.53500,0.73919,2024-08-23 08:53:48,2024-08-23 05:55:45.469853,New,,
21010980050431,Rukis,17.79300,23.27700,0.74342,2024-08-23 08:54:51,2024-08-23 05:56:44.877206,New,,
21010980050433,Rukis,17.54600,23.87600,0.74242,2024-08-23 09:38:10,2024-08-23 06:40:08.962994,New,,
21010980050434,Rukis,14.01200,22.88200,0.75609,2024-08-23 10:49:14,2024-08-23 07:51:07.770868,New,,
21010980050435,Rukis,17.31900,23.75100,0.73969,2024-08-23 11:03:21,2024-08-23 08:10:09.522695,New,,
21010980050436,Rukis,13.34800,23.63800,0.75659,2024-08-23 11:36:51,2024-08-23 08:40:09.558353,New,,
21010980050437,Oder,14.62500,27.01400,0.65873,2024-08-23 11:51:35,2024-08-23 08:53:29.273545,New,,
21010980050438,Rukis,13.53800,25.49000,0.75435,2024-08-23 12:48:48,2024-08-23 09:50:41.124805,New,,
21010980050439,Rukis,17.10700,23.22100,0.73223,2024-08-23 12:50:30,2024-08-23 09:52:23.875776,New,,
21010980050440,Rukis,17.07500,21.53800,0.73099,2024-08-23 14:27:57,2024-08-23 11:29:33.960751,New,,
21010980050441,Nisu,21.44900,26.56300,0.71388,2024-08-25 11:14:26,2024-08-25 08:20:12.417689,New,,
21010980050442,Nisu,21.74000,24.93700,0.74105,2024-08-25 11:26:38,2024-08-25 08:30:02.461309,New,,
21010980050443,Rukis,13.00900,47.24600,0.74889,2024-08-25 12:32:57,2024-08-25 09:34:47.61832,New,,
21010980050444,Nisu,20.08300,28.25600,0.72969,2024-08-25 13:00:10,2024-08-25 10:02:01.145849,New,,
21010980050445,Hernes,21.95000,25.14000,0.75222,2024-08-25 13:12:56,2024-08-25 10:14:47.604149,New,,
21010980050446,Rukis,12.45600,25.87400,0.75609,2024-08-25 14:21:14,2024-08-25 11:23:05.698822,New,,
21010980050447,Nisu,18.22000,27.18300,0.77168,2024-08-25 16:10:40,2024-08-25 13:12:31.045484,New,,
21010980050448,Hernes,17.01800,24.03400,0.76237,2024-08-25 16:48:52,2024-08-25 13:50:42.87626,New,,
21010980050449,Nisu,15.33200,28.76400,0.78057,2024-08-25 17:50:09,2024-08-25 14:51:59.082031,New,,
21010980050450,Nisu,17.03200,29.30600,0.75760,2024-08-25 17:51:25,2024-08-25 14:53:15.892407,New,,
21010980050451,Nisu,14.92200,29.63300,0.78527,2024-08-25 18:23:11,2024-08-25 15:30:01.371325,New,,
21010980050452,Nisu,13.61700,31.64300,0.79935,2024-08-25 18:42:17,2024-08-25 15:44:07.599266,New,,
21010980050453,Nisu,13.56500,33.50600,0.79737,2024-08-25 18:52:50,2024-08-25 15:54:40.588251,New,,
21010980050454,Nisu,13.57500,27.78200,0.80231,2024-08-25 19:13:57,2024-08-25 16:20:12.391874,New,,
21010980050455,Nisu,13.79300,18.44500,0.79786,2024-08-26 09:15:40,2024-08-26 06:19:22.783961,New,,
21010980050456,Nisu,17.94000,26.28000,0.74698,2024-08-26 10:13:21,2024-08-26 07:20:10.807728,New,,
21010980050457,Nisu,12.94200,20.01400,0.79712,2024-08-26 10:27:24,2024-08-26 07:30:02.193733,New,,
21010980050458,Nisu,15.92700,25.27500,0.74599,2024-08-26 11:42:22,2024-08-26 08:44:11.929892,New,,
21010980050459,Nisu,13.10000,21.47100,0.79984,2024-08-26 11:43:59,2024-08-26 08:50:11.619382,New,,
21010980050460,Nisu,12.63600,21.08700,0.79490,2024-08-26 11:57:11,2024-08-26 09:00:01.992048,New,,
21010980050461,Nisu,12.91800,21.59500,0.80972,2024-08-26 12:04:45,2024-08-26 09:09:43.719926,New,,
21010980050462,Nisu,13.88400,21.96700,0.80602,2024-08-26 12:18:38,2024-08-26 09:20:27.459687,New,,
21010980050463,Nisu,15.99300,24.89200,0.75241,2024-08-26 12:30:24,2024-08-26 09:32:13.937281,New,,
21010980050464,Nisu,13.73000,21.86600,0.80527,2024-08-26 12:44:47,2024-08-26 09:50:13.519163,New,,
21010980050466,Nisu,13.45600,22.75800,0.79663,2024-08-26 13:17:22,2024-08-26 10:20:12.944852,New,,
21010980050467,Raps,16.55700,28.73000,0.43143,2024-08-26 13:30:35,2024-08-26 10:32:24.879883,New,,
21010980050468,Raps,16.66400,26.86700,0.43316,2024-08-26 13:31:19,2024-08-26 10:33:08.566684,New,,
21010980050469,Nisu,16.64500,26.29200,0.76007,2024-08-26 13:56:59,2024-08-26 11:00:02.288378,New,,
21010980050470,Nisu,13.07800,23.76300,0.77588,2024-08-26 13:58:25,2024-08-26 11:00:15.313096,New,,
21010980050471,Nisu,18.11200,25.60300,0.71388,2024-08-26 13:58:59,2024-08-26 11:00:48.468076,New,,
21010980050472,Nisu,13.36700,27.79300,0.77069,2024-08-26 14:53:03,2024-08-26 11:54:52.396544,New,,
21010980050473,Nisu,19.05900,29.43000,0.75390,2024-08-26 14:54:20,2024-08-26 12:00:01.277152,New,,
21010980050474,Raps,17.58000,28.70800,0.40816,2024-08-26 15:31:25,2024-08-26 12:33:14.693369,New,,
21010980050475,Nisu,18.49200,29.12500,0.76180,2024-08-26 15:35:35,2024-08-26 12:37:24.432075,New,,
21010980050476,Nisu,13.49500,23.49200,0.75760,2024-08-26 15:38:08,2024-08-26 12:40:10.859884,New,,
21010980050477,Nisu,23.94100,25.54600,0.40980,2024-08-26 15:43:59,2024-08-26 12:50:14.22005,New,,
21010980050478,Nisu,19.90600,29.81400,0.74253,2024-08-26 16:25:51,2024-08-26 13:30:01.847047,New,,
21010980050479,Nisu,13.71200,22.12600,0.77390,2024-08-26 17:08:06,2024-08-26 14:10:10.392607,New,,
21010980050480,Nisu,20.25700,26.73200,0.71388,2024-08-26 17:22:02,2024-08-26 14:23:51.621089,New,,
21010980050482,Raps,15.85300,25.64800,0.39999,2024-08-26 17:57:25,2024-08-26 15:00:01.921862,New,,
21010980050483,Nisu,13.48100,21.39200,0.77292,2024-08-26 18:25:13,2024-08-26 15:30:02.840932,New,,
21010980050484,Nisu,14.13800,23.08500,0.80379,2024-08-26 19:23:03,2024-08-26 16:30:02.077069,New,,
21010980050485,Nisu,17.03000,26.78800,0.76476,2024-08-26 19:30:28,2024-08-26 16:32:17.243537,New,,
21010980050486,Raps,12.62800,32.99800,0.40593,2024-08-26 19:40:01,2024-08-26 16:41:50.281268,New,,
21010980050487,Nisu,17.01900,25.88500,0.76303,2024-08-27 08:37:25,2024-08-27 05:39:13.437453,New,,
21010980050488,Nisu,14.55700,16.84200,0.79119,2024-08-27 08:39:24,2024-08-27 05:43:59.933681,New,,
21010980050489,Hernes,15.57100,26.10000,0.76559,2024-08-27 08:50:40,2024-08-27 05:55:53.01852,New,,
21010980050490,Hernes,14.91800,30.68300,0.77252,2024-08-27 09:05:37,2024-08-27 06:10:10.749999,New,,
21010980050491,Nisu,14.21400,22.34000,0.78453,2024-08-27 09:16:54,2024-08-27 06:20:13.908283,New,,
21010980050492,Hernes,14.91400,31.30400,0.77301,2024-08-27 09:20:36,2024-08-27 06:22:23.925795,New,,
21010980050493,Nisu,13.52300,31.92500,0.77390,2024-08-27 09:35:44,2024-08-27 06:37:32.136352,New,,
21010980050494,Nisu,17.41100,24.50800,0.74154,2024-08-27 09:52:02,2024-08-27 06:53:50.541107,New,,
21010980050495,Hernes,14.21000,22.82600,0.78192,2024-08-27 09:59:43,2024-08-27 07:01:31.653463,New,,
21010980050496,Nisu,13.59200,21.33500,0.78057,2024-08-27 10:08:46,2024-08-27 07:10:34.238618,New,,
21010980050497,Hernes,13.76100,20.37600,0.77400,2024-08-27 10:15:57,2024-08-27 07:20:12.507433,New,,
21010980050498,Hernes,18.02600,22.87100,0.76806,2024-08-27 10:31:01,2024-08-27 07:32:49.433289,New,,
21010980050499,Hernes,13.06000,19.89000,0.76682,2024-08-27 10:58:00,2024-08-27 08:00:01.473277,New,,
21010980050500,Nisu,14.02800,21.99000,0.77761,2024-08-27 11:00:50,2024-08-27 08:02:38.624523,New,,
21010980050501,Hernes,17.13700,22.14800,0.77697,2024-08-27 11:15:03,2024-08-27 08:20:12.229069,New,,
21010980050502,Hernes,14.83400,20.53400,0.78192,2024-08-27 11:29:34,2024-08-27 08:31:22.501521,New,,
21010980050503,Hernes,14.48700,20.79300,0.76633,2024-08-27 11:36:07,2024-08-27 08:37:55.415101,New,,
21010980050504,Hernes,15.83800,20.37600,0.78143,2024-08-27 11:40:50,2024-08-27 08:42:39.142036,New,,
21010980050506,Hernes,17.37000,23.04000,0.77078,2024-08-27 11:46:03,2024-08-27 08:49:40.67038,New,,
21010980050507,Nisu,13.89700,22.23800,0.78601,2024-08-27 11:49:11,2024-08-27 08:50:59.357763,New,,
21010980050508,Hernes,16.15900,20.09300,0.77969,2024-08-27 12:07:06,2024-08-27 09:10:10.775679,New,,
21010980050509,Nisu,19.36600,24.71100,0.74426,2024-08-27 12:17:19,2024-08-27 09:20:14.002318,New,,
21010980050510,Hernes,15.83100,20.02600,0.77994,2024-08-27 12:23:56,2024-08-27 09:30:02.05518,New,,
21010980050511,Hernes,15.06500,20.42100,0.78143,2024-08-27 12:38:23,2024-08-27 09:40:11.305241,New,,
21010980050512,Hernes,14.56800,20.45500,0.78316,2024-08-27 12:50:15,2024-08-27 09:52:03.885921,New,,
21010980050513,Nisu,13.73100,21.92200,0.78428,2024-08-27 12:54:10,2024-08-27 10:00:01.845409,New,,
21010980050514,Hernes,17.40200,21.67400,0.77450,2024-08-27 13:00:44,2024-08-27 10:02:33.109131,New,,
21010980050515,Hernes,14.70700,20.83900,0.79380,2024-08-27 13:05:50,2024-08-27 10:10:10.941468,New,,
21010980050516,Nisu,18.42200,28.55000,0.76131,2024-08-27 13:10:05,2024-08-27 10:11:53.162091,New,,
21010980050517,Hernes,14.93000,21.57200,0.79059,2024-08-27 13:20:07,2024-08-27 10:21:55.26347,New,,
21010980050518,Hernes,17.25300,26.13400,0.74752,2024-08-27 13:26:17,2024-08-27 10:30:02.117862,New,,
21010980050519,Hernes,17.53400,23.07400,0.77598,2024-08-27 13:32:06,2024-08-27 10:33:54.824001,New,,
21010980050520,Hernes,14.54300,21.32400,0.79182,2024-08-27 13:34:33,2024-08-27 10:36:21.118115,New,,
21010980050521,Hernes,14.43600,21.66300,0.79405,2024-08-27 13:54:16,2024-08-27 11:00:02.643722,New,,
21010980050522,Nisu,18.57300,28.41400,0.76032,2024-08-27 13:58:28,2024-08-27 11:00:16.673529,New,,
21010980050523,Nisu,14.28500,21.99000,0.79021,2024-08-27 13:59:59,2024-08-27 11:01:46.755147,New,,
21010980050524,Hernes,14.48400,21.52700,0.79727,2024-08-27 14:06:01,2024-08-27 11:10:11.020075,New,,
21010980050525,Hernes,17.44500,23.30000,0.76658,2024-08-27 14:08:31,2024-08-27 11:10:19.908431,New,,
21010980050526,Hernes,14.40000,21.68500,0.78860,2024-08-27 14:32:36,2024-08-27 11:34:23.500571,New,,
21010980050527,Hernes,17.88000,24.67700,0.76113,2024-08-27 14:45:07,2024-08-27 11:49:54.11199,New,,
21010980050528,Hernes,14.40700,21.68500,0.79257,2024-08-27 14:49:51,2024-08-27 11:51:39.92862,New,,
21010980050530,Nisu,13.88500,22.21600,0.78971,2024-08-27 14:57:07,2024-08-27 12:00:02.569275,New,,
21010980050531,Nisu,19.16700,27.94000,0.75513,2024-08-27 15:00:30,2024-08-27 12:02:18.186863,New,,
21010980050532,Hernes,14.02400,21.92200,0.78910,2024-08-27 15:11:44,2024-08-27 12:13:32.124453,New,,
21010980050533,Hernes,17.31400,24.54200,0.76806,2024-08-27 15:49:10,2024-08-27 12:50:58.406069,New,,
21010980050534,Hernes,13.59800,22.18200,0.79232,2024-08-27 16:22:21,2024-08-27 13:24:09.256487,New,,
21010980050535,Nisu,13.67000,22.70100,0.79218,2024-08-27 16:24:41,2024-08-27 13:30:01.73068,New,,
21010980050536,Nisu,19.18600,26.80000,0.74821,2024-08-27 16:31:39,2024-08-27 13:33:26.687452,New,,
21010980050537,Hernes,13.76600,21.96700,0.79999,2024-08-27 17:10:44,2024-08-27 14:12:32.265688,New,,
21010980050538,Hernes,17.00800,24.97100,0.76955,2024-08-27 17:37:55,2024-08-27 14:39:43.225112,New,,
21010980050539,Nisu,13.67000,22.38500,0.79984,2024-08-27 17:39:58,2024-08-27 14:41:45.369521,New,,
21010980050540,Nisu,18.40400,25.96400,0.75192,2024-08-27 18:10:19,2024-08-27 15:12:06.934889,New,,
21010980050541,Hernes,13.77100,21.38000,0.78341,2024-08-27 18:14:28,2024-08-27 15:17:35.251315,New,,
21010980050544,Nisu,18.11500,26.51700,0.75661,2024-08-27 19:08:37,2024-08-27 16:10:08.963371,New,,
21010980050545,Nisu,13.77900,22.02400,0.79885,2024-08-27 19:10:31,2024-08-27 16:12:02.221741,New,,
21010980050546,Nisu,15.10600,16.49200,0.78403,2024-08-28 08:50:17,2024-08-28 05:52:04.103412,New,,
21010980050547,Hernes,13.79800,17.32700,0.76162,2024-08-28 08:59:16,2024-08-28 06:01:03.484194,New,,
21010980050548,Nisu,14.44200,16.81900,0.77884,2024-08-28 09:30:03,2024-08-28 06:31:49.62473,New,,
21010980050549,Nisu,19.31300,24.04500,0.74673,2024-08-28 09:40:26,2024-08-28 06:42:12.430017,New,,
21010980050550,Nisu,14.49400,17.46300,0.78280,2024-08-28 09:45:43,2024-08-28 06:47:29.911585,New,,
21010980050551,Nisu,14.08100,17.32700,0.78255,2024-08-28 10:04:08,2024-08-28 07:10:10.007911,New,,
21010980050552,Nisu,14.08500,18.75000,0.78922,2024-08-28 10:38:05,2024-08-28 07:40:08.82671,New,,
21010980050553,Nisu,18.96400,25.29800,0.74945,2024-08-28 10:56:10,2024-08-28 08:00:02.076049,New,,
21010980050554,Nisu,13.52500,19.55100,0.78057,2024-08-28 11:08:59,2024-08-28 08:10:46.338264,New,,
21010980050555,Nisu,18.79300,25.37700,0.75217,2024-08-28 11:39:36,2024-08-28 08:41:23.122816,New,,
21010980050556,Nisu,13.19600,22.15900,0.79465,2024-08-28 12:19:35,2024-08-28 09:21:21.721513,New,,
21010980050557,Nisu,17.88800,25.58000,0.75192,2024-08-28 12:32:52,2024-08-28 09:34:39.303467,New,,
21010980050558,Peas,-30.63500,23.39000,0.00000,2024-08-28 12:38:35,2024-08-28 09:40:22.547083,New,,
21010980050559,Peas,13.69400,20.88400,0.78192,2024-08-28 12:39:22,2024-08-28 09:41:09.073426,New,,
21010980050560,Nisu,13.43300,23.66100,0.78971,2024-08-28 13:09:23,2024-08-28 10:11:09.902498,New,,
21010980050561,Nisu,17.69800,25.78400,0.75390,2024-08-28 13:24:56,2024-08-28 10:26:42.781805,New,,
21010980050562,Nisu,17.65700,24.27100,0.74574,2024-08-28 14:19:48,2024-08-28 11:21:34.876229,New,,
21010980050563,Nisu,13.76200,23.15300,0.78922,2024-08-28 14:21:14,2024-08-28 11:23:01.045335,New,,
21010980050564,Hernes,16.95700,26.87900,0.76534,2024-08-28 14:50:10,2024-08-28 11:51:57.186596,New,,
21010980050565,Oder,30.93800,25.35400,0.41124,2024-08-28 15:05:30,2024-08-28 12:10:09.682895,New,,
21010980050566,Nisu,13.88300,23.46900,0.79070,2024-08-28 15:13:10,2024-08-28 12:20:18.051523,New,,
21010980050567,Hernes,16.01200,21.91100,0.76781,2024-08-28 15:32:42,2024-08-28 12:34:28.504303,New,,
21010980050569,Nisu,13.74600,23.34500,0.78996,2024-08-28 15:45:56,2024-08-28 12:50:13.914599,New,,
21010980050570,Nisu,17.90300,24.07900,0.74895,2024-08-28 15:51:01,2024-08-28 12:52:47.981417,New,,
21010980050571,Hernes,16.03200,23.10800,0.76559,2024-08-28 16:09:48,2024-08-28 13:11:34.498205,New,,
21010980050572,Hernes,13.36500,21.84300,0.77128,2024-08-28 16:12:01,2024-08-28 13:13:47.227871,New,,
21010980050573,Nisu,13.09500,23.68400,0.78625,2024-08-28 17:01:57,2024-08-28 14:03:43.826812,New,,
21010980050574,Hernes,12.34400,23.04000,0.77969,2024-08-28 17:06:25,2024-08-28 14:10:09.678054,New,,
21010980050575,Hernes,16.05200,23.41300,0.77375,2024-08-28 17:18:07,2024-08-28 14:20:12.837897,New,,
21010980050576,Oder,30.91300,24.39500,0.39845,2024-08-28 17:21:26,2024-08-28 14:23:11.972014,New,,
21010980050577,Nisu,12.93500,24.64300,0.77613,2024-08-28 17:24:45,2024-08-28 14:26:31.920525,New,,
21010980050578,Nisu,17.88100,24.16900,0.74747,2024-08-28 17:27:10,2024-08-28 14:28:56.197296,New,,
21010980050579,Hernes,12.23100,23.46900,0.78365,2024-08-28 17:40:07,2024-08-28 14:41:53.010163,New,,
21010980050580,Hernes,15.90500,23.92100,0.76682,2024-08-28 17:42:44,2024-08-28 14:44:30.788223,New,,
21010980050581,Nisu,13.21800,24.19200,0.76674,2024-08-28 18:03:02,2024-08-28 15:04:48.009249,New,,
21010980050582,Nisu,11.51900,24.50800,0.79070,2024-08-28 18:09:54,2024-08-28 15:11:41.486463,New,,
21010980050583,Hernes,13.36500,24.59800,0.79009,2024-08-28 18:10:31,2024-08-28 15:12:17.676007,New,,
21010980050584,Hernes,15.97000,24.30500,0.76360,2024-08-28 18:17:06,2024-08-28 15:20:12.932364,New,,
21010980050585,Hernes,13.00300,23.67200,0.78093,2024-08-28 18:34:11,2024-08-28 15:40:09.211565,New,,
21010980050586,Nisu,13.31700,23.65000,0.77514,2024-08-28 18:40:41,2024-08-28 15:42:27.209334,New,,
21010980050587,Nisu,18.15500,25.38800,0.75241,2024-08-28 18:56:08,2024-08-28 16:00:02.497888,New,,
21010980050588,Hernes,13.48400,22.87100,0.78093,2024-08-28 19:07:38,2024-08-28 16:10:09.465154,New,,
21010980050589,Hernes,17.58300,24.42900,0.76162,2024-08-28 19:16:38,2024-08-28 16:20:11.806656,New,,
21010980050590,Nisu,13.58300,23.17600,0.76625,2024-08-28 19:29:23,2024-08-28 16:31:10.321343,New,,
21010980050591,Oder,18.17600,24.11300,0.48872,2024-08-28 19:30:56,2024-08-28 16:32:42.174553,New,,
21010980050592,Oder,23.79000,24.36100,0.42076,2024-08-28 19:36:24,2024-08-28 16:40:09.724637,New,,
21010980050593,Hernes,13.78400,18.05000,0.76856,2024-08-29 08:22:02,2024-08-29 05:24:43.749791,New,,
21010980050594,Nisu,13.64700,18.96400,0.77217,2024-08-29 08:34:30,2024-08-29 05:40:08.966828,New,,
21010980050595,Nisu,18.00100,23.62700,0.73068,2024-08-29 08:49:59,2024-08-29 05:51:44.570159,New,,
21010980050596,Nisu,13.74200,20.17200,0.77341,2024-08-29 09:12:21,2024-08-29 06:14:07.034715,New,,
21010980050597,Hernes,13.12500,19.99200,0.76261,2024-08-29 09:31:41,2024-08-29 06:33:27.15987,New,,
21010980050598,Hernes,17.34800,21.87700,0.75667,2024-08-29 09:58:58,2024-08-29 07:00:43.383719,New,,
21010980050599,Nisu,13.29500,23.31100,0.78181,2024-08-29 10:01:39,2024-08-29 07:03:24.628737,New,,
21010980050600,Nisu,16.32900,20.40900,0.76402,2024-08-29 10:42:37,2024-08-29 07:44:22.147751,New,,
21010980050602,Hernes,13.16600,21.77600,0.77400,2024-08-29 10:45:57,2024-08-29 07:50:12.119849,New,,
21010980050603,Nisu,13.58000,24.18000,0.78650,2024-08-29 10:48:44,2024-08-29 07:50:30.140436,New,,
21010980050604,Hernes,13.94700,22.13700,0.77895,2024-08-29 11:21:19,2024-08-29 08:23:04.672252,New,,
21010980050605,Nisu,13.83900,23.41300,0.76748,2024-08-29 11:42:56,2024-08-29 08:44:42.466682,New,,
21010980050606,Hernes,17.52200,24.79000,0.75519,2024-08-29 13:02:37,2024-08-29 10:04:22.753192,New,,
21010980050608,Nisu,13.91400,26.32500,0.77613,2024-08-29 13:18:06,2024-08-29 10:20:13.19399,New,,
21010980050609,Hernes,13.94700,22.58800,0.78093,2024-08-29 13:42:24,2024-08-29 10:44:10.222572,New,,
21010980050610,Nisu,13.86400,24.31600,0.77563,2024-08-29 14:17:24,2024-08-29 11:20:12.669632,New,,
21010980050611,Nisu,13.53300,24.00000,0.75785,2024-08-29 15:05:16,2024-08-29 12:10:09.409236,New,,
21010980050612,Hernes,14.80100,23.18700,0.78687,2024-08-29 15:45:43,2024-08-29 12:50:13.230852,New,,
21010980050613,Nisu,13.84900,25.77200,0.77069,2024-08-29 16:15:57,2024-08-29 13:17:41.939025,New,,
21010980050614,Hernes,13.11300,23.48000,0.77499,2024-08-29 16:18:01,2024-08-29 13:19:46.967851,New,,
21010980050615,Hernes,13.51800,23.48000,0.77078,2024-08-29 16:32:06,2024-08-29 13:33:52.011915,New,,
21010980050616,Nisu,13.93800,24.45100,0.76723,2024-08-29 16:41:51,2024-08-29 13:43:37.09721,New,,
21010980050618,Oder,22.09500,25.33200,0.44208,2024-08-29 16:55:17,2024-08-29 14:00:02.787688,New,,
21010980050619,Hernes,16.27900,24.91400,0.76583,2024-08-29 17:36:20,2024-08-29 14:40:09.656288,New,,
21010980050620,Nisu,14.01500,23.63800,0.76205,2024-08-29 17:40:17,2024-08-29 14:42:02.430506,New,,
21010980050621,Nisu,13.89600,23.45800,0.76106,2024-08-29 18:21:17,2024-08-29 15:23:01.948895,New,,
21010980050623,Hernes,16.36100,25.93000,0.75692,2024-08-29 18:37:12,2024-08-29 15:40:09.143693,New,,
21010980050624,Nisu,13.46300,20.04800,0.71882,2024-08-30 09:17:21,2024-08-30 06:20:10.885826,New,,
21010980050625,Nisu,16.73600,23.77400,0.78181,2024-08-30 09:43:31,2024-08-30 06:50:11.744829,New,,
21010980050626,Hernes,14.15400,38.34900,0.78068,2024-08-30 10:08:18,2024-08-30 07:10:09.859809,New,,
21010980050627,Hernes,18.19300,23.75100,0.78737,2024-08-30 10:18:06,2024-08-30 07:19:49.963193,New,,
21010980050628,Nisu,16.53400,23.74000,0.78206,2024-08-30 10:18:38,2024-08-30 07:20:23.113565,New,,
21010980050629,Hernes,14.31900,32.14000,0.78687,2024-08-30 10:32:27,2024-08-30 07:34:10.793174,New,,
21010980050630,Hernes,14.19900,28.39200,0.78687,2024-08-30 10:39:55,2024-08-30 07:41:39.723714,New,,
21010980050631,Hernes,13.69900,25.68200,0.78836,2024-08-30 10:45:59,2024-08-30 07:50:13.083403,New,,
21010980050632,Hernes,13.56200,24.51900,0.78415,2024-08-30 10:52:56,2024-08-30 07:54:40.053949,New,,
21010980050633,Hernes,13.59700,24.06700,0.77771,2024-08-30 11:04:30,2024-08-30 08:10:09.350935,New,,
21010980050634,Hernes,13.30700,24.15800,0.77771,2024-08-30 11:17:15,2024-08-30 08:20:12.299149,New,,
21010980050635,Hernes,16.39300,25.75000,0.76212,2024-08-30 11:18:55,2024-08-30 08:20:39.762424,New,,
21010980050636,Hernes,13.26000,24.01100,0.78167,2024-08-30 11:41:14,2024-08-30 08:42:58.080651,New,,
21010980050638,Nisu,15.06500,31.42900,0.78206,2024-08-30 12:08:02,2024-08-30 09:10:09.651567,New,,
21010980050639,Nisu,14.19300,34.33000,0.78922,2024-08-30 12:31:39,2024-08-30 09:33:23.610962,New,,
21010980050640,Hernes,14.24600,25.60300,0.77969,2024-08-30 12:37:33,2024-08-30 09:40:09.907602,New,,
21010980050641,Hernes,16.89400,23.71700,0.75766,2024-08-30 12:43:36,2024-08-30 09:50:13.267888,New,,
21010980050642,Hernes,14.35900,25.77200,0.77450,2024-08-30 12:49:13,2024-08-30 09:50:57.819464,New,,
21010980050643,Hernes,14.14100,25.71600,0.78365,2024-08-30 13:05:56,2024-08-30 10:10:09.958878,New,,
21010980050644,Nisu,14.28900,27.74800,0.79342,2024-08-30 13:12:56,2024-08-30 10:14:40.250539,New,,
21010980050645,Hernes,13.40200,25.84000,0.78662,2024-08-30 13:24:48,2024-08-30 10:26:31.865711,New,,
21010980050646,Nisu,14.62100,26.30300,0.79021,2024-08-30 13:35:24,2024-08-30 10:37:24.868445,New,,
21010980050648,Hernes,13.93900,26.80000,0.78588,2024-08-30 14:07:09,2024-08-30 11:10:09.242709,New,,
21010980050649,Hernes,14.46200,26.68700,0.77796,2024-08-30 14:36:28,2024-08-30 11:38:11.55438,New,,
21010980050650,Hernes,14.42700,26.93500,0.78563,2024-08-30 14:52:38,2024-08-30 11:54:22.218297,New,,
21010980050651,Hernes,14.27000,26.81100,0.78192,2024-08-30 15:27:51,2024-08-30 12:29:34.414646,New,,
21010980050652,Nisu,13.73800,32.67000,0.78848,2024-08-30 15:32:02,2024-08-30 12:33:46.192972,New,,
21010980050653,Hernes,14.31300,27.64600,0.78044,2024-08-30 15:46:36,2024-08-30 12:50:11.521021,New,,
21010980050654,Oder,22.81400,29.19300,0.48270,2024-08-30 15:54:07,2024-08-30 13:00:01.674176,New,,
21010980050655,Hernes,14.05900,27.81600,0.78885,2024-08-30 16:21:17,2024-08-30 13:23:01.666517,New,,
21010980050656,Hernes,13.22500,28.25600,0.78959,2024-08-30 16:50:47,2024-08-30 13:52:31.50192,New,,
