Date,Time,Grain,%mois,TW,Temp
07-08-2024,00:13:10,Raps,9.00,66.46,20.2
07-08-2024,00:46:36,Raps,7.52,66.44,19.9
07-08-2024,00:51:50,Raps,18.31,65.64,24.9
07-08-2024,01:22:23,Raps,8.43,66.51,20.2
07-08-2024,01:30:17,Raps,18.46,65.57,25.4
07-08-2024,01:43:13,Raps,7.85,66.16,20.3
07-08-2024,02:03:13,Raps,7.14,66.29,20.4
07-08-2024,02:23:18,Raps,7.69,66.39,20.3
07-08-2024,02:39:58,Raps,18.31,65.30,24.2
07-08-2024,02:55:42,Raps,7.51,66.26,20.0
07-08-2024,03:20:01,Raps,9.32,66.36,18.9
07-08-2024,03:48:05,Raps,8.71,66.14,19.3
07-08-2024,03:56:43,Raps,9.52,66.19,18.3
07-08-2024,03:59:01,Raps,18.53,65.25,24.4
07-08-2024,04:30:24,Raps,8.37,65.92,18.7
07-08-2024,04:58:25,Raps,8.73,66.04,18.1
07-08-2024,05:15:27,Raps,8.41,65.99,17.8
07-08-2024,05:40:31,Raps,8.88,65.89,17.5
07-08-2024,06:14:24,Raps,8.88,65.94,17.6
07-08-2024,06:39:29,Raps,8.58,65.84,18.2
07-08-2024,06:54:06,Raps,19.29,62.47,23.4
07-08-2024,07:09:43,Raps,9.25,65.57,19.5
07-08-2024,07:34:45,Raps,7.68,65.54,21.5
07-08-2024,07:37:38,Raps,18.26,64.48,25.3
07-08-2024,07:56:16,Raps,7.05,65.57,22.7
07-08-2024,08:09:53,Raps,18.65,62.87,25.3
07-08-2024,08:11:25,Raps,7.84,65.59,23.2
07-08-2024,08:58:57,Raps,7.46,65.97,24.3
07-08-2024,09:10:41,Raps,18.59,63.07,26.7
07-08-2024,09:46:17,Raps,18.66,64.58,28.1
07-08-2024,09:49:16,Raps,8.26,65.99,22.9
07-08-2024,10:15:31,Raps,18.83,63.12,26.9
07-08-2024,10:17:42,Raps,7.93,65.97,22.8
07-08-2024,10:50:36,Raps,7.43,65.62,23.0
07-08-2024,10:51:38,Raps,18.42,64.41,26.7
07-08-2024,11:23:37,Raps,19.96,58.96,24.1
07-08-2024,11:27:55,Raps,8.64,65.05,23.1
07-08-2024,11:29:06,Raps,17.71,64.55,27.4
07-08-2024,12:03:14,Raps,19.10,60.72,24.0
07-08-2024,12:11:08,Raps,8.25,64.90,23.2
07-08-2024,12:38:37,Raps,20.55,60.07,28.2
07-08-2024,12:42:43,Raps,7.87,65.35,23.6
07-08-2024,13:17:37,Raps,7.93,65.27,23.4
07-08-2024,14:31:38,Raps,15.81,65.54,25.1
07-08-2024,15:05:34,Raps,16.62,58.94,26.1
07-08-2024,15:19:51,Raps,6.87,65.45,23.0
07-08-2024,15:31:34,Raps,15.03,65.07,25.7
07-08-2024,15:40:50,Raps,14.18,63.94,26.3
07-08-2024,15:43:17,Raps,7.84,64.68,23.0
07-08-2024,16:12:47,Raps,6.26,64.90,24.5
07-08-2024,16:14:27,Raps,13.85,65.20,26.1
07-08-2024,16:34:10,Raps,16.04,58.59,26.6
07-08-2024,16:44:05,Raps,7.68,65.97,25.0
07-08-2024,16:45:10,Raps,15.22,62.23,25.7
07-08-2024,17:12:13,Raps,8.47,65.67,25.1
07-08-2024,17:13:35,Raps,15.18,64.65,25.9
07-08-2024,17:56:53,Raps,10.48,65.27,23.3
07-08-2024,17:58:36,Raps,15.78,63.32,25.9
07-08-2024,18:09:55,Raps,10.02,65.84,23.7
07-08-2024,18:30:35,Raps,9.43,66.31,24.6
07-08-2024,18:31:33,Raps,15.79,61.78,26.1
07-08-2024,18:42:03,Raps,16.04,62.35,26.1
07-08-2024,18:53:22,Raps,9.41,66.26,24.8
07-08-2024,19:04:19,Raps,14.72,57.77,25.7
07-08-2024,19:15:48,Raps,8.59,66.16,23.9
07-08-2024,19:36:18,Raps,14.64,64.28,26.0
07-08-2024,19:42:30,Raps,8.40,66.26,23.4
07-08-2024,19:43:43,Raps,14.50,63.02,25.7
07-08-2024,20:06:55,Raps,14.68,63.86,25.3
07-08-2024,20:08:10,Raps,8.22,65.84,23.2
07-08-2024,20:28:24,Raps,9.33,65.35,23.3
07-08-2024,20:52:22,Raps,8.40,64.93,23.8
07-08-2024,21:12:23,Raps,8.01,65.45,23.5
07-08-2024,21:34:29,Raps,7.70,65.32,23.0
07-08-2024,21:36:52,Raps,16.13,61.09,23.3
07-08-2024,22:17:36,Raps,7.77,65.45,22.1
07-08-2024,22:48:20,Raps,8.35,64.43,21.6
07-08-2024,22:59:55,Raps,16.64,62.40,24.4
07-08-2024,23:15:02,Raps,8.19,65.49,21.3
07-08-2024,23:37:07,Raps,8.47,65.59,21.1
07-08-2024,23:59:17,Raps,8.32,65.42,20.5
08-08-2024,00:01:21,Raps,16.70,62.15,25.7
08-08-2024,00:21:28,Raps,9.05,64.53,20.3
08-08-2024,00:36:27,Raps,10.70,64.31,22.5
08-08-2024,00:50:54,Raps,8.55,65.15,19.3
08-08-2024,01:58:17,Raps,10.77,63.61,21.7
08-08-2024,03:28:27,Raps,9.11,63.51,19.4
08-08-2024,03:29:38,Raps,16.42,63.47,24.3
08-08-2024,04:17:52,Raps,9.36,63.14,18.0
08-08-2024,04:49:39,Raps,8.51,63.66,18.4
08-08-2024,05:03:41,Raps,8.78,63.89,19.6
08-08-2024,05:16:45,Raps,8.43,63.96,21.5
08-08-2024,05:33:10,Raps,7.68,64.43,19.9
08-08-2024,05:35:31,Raps,16.45,61.56,24.5
08-08-2024,06:15:51,Raps,8.29,62.95,19.7
08-08-2024,06:43:09,Raps,9.55,63.96,19.7
08-08-2024,07:00:02,Raps,9.80,64.43,19.5
08-08-2024,07:17:00,Raps,10.46,64.21,20.0
08-08-2024,07:41:04,Raps,10.00,64.48,20.6
08-08-2024,07:54:13,Raps,11.08,63.98,20.8
08-08-2024,08:10:32,Raps,10.50,64.36,21.5
08-08-2024,08:19:44,Raps,10.76,64.06,21.6
08-08-2024,08:25:20,Raps,10.83,64.16,21.8
08-08-2024,08:35:30,Raps,10.80,64.21,23.0
08-08-2024,08:49:02,Raps,10.49,64.23,25.7
08-08-2024,08:55:18,Raps,8.94,65.15,25.7
08-08-2024,09:06:50,Raps,16.05,63.76,25.8
08-08-2024,09:14:54,Raps,15.75,63.91,25.9
08-08-2024,09:17:34,Raps,9.67,65.25,25.7
08-08-2024,09:22:48,Raps,10.20,64.31,25.7
08-08-2024,09:29:53,Raps,7.98,65.72,21.4
08-08-2024,09:33:08,Raps,10.51,64.36,26.1
08-08-2024,09:43:01,Raps,9.34,64.06,27.6
08-08-2024,09:55:41,Raps,8.94,64.97,26.5
08-08-2024,09:58:41,Raps,15.82,63.22,26.9
08-08-2024,10:10:51,Raps,8.00,65.07,27.3
08-08-2024,10:17:37,Raps,22.70,26.11,25.4
08-08-2024,11:13:00,Raps,7.88,65.02,23.6
08-08-2024,11:13:48,Raps,16.57,62.08,26.2
08-08-2024,11:34:20,Nisu,20.19,71.88,26.8
08-08-2024,11:38:29,Raps,7.58,65.22,24.6
08-08-2024,11:40:10,Raps,16.69,63.39,26.6
08-08-2024,12:06:28,Raps,7.06,65.27,25.3
08-08-2024,12:12:43,Raps,17.35,63.81,26.5
08-08-2024,12:46:26,Raps,6.37,65.59,26.5
08-08-2024,12:48:17,Raps,17.06,63.81,28.0
08-08-2024,13:06:35,Nisu,18.10,75.39,24.8
08-08-2024,13:14:55,Raps,6.06,65.30,25.7
08-08-2024,13:31:26,Raps,6.33,65.22,25.8
08-08-2024,13:33:35,Raps,16.39,61.09,26.7
08-08-2024,13:55:11,Raps,6.64,65.62,26.1
08-08-2024,13:57:10,Raps,16.00,62.62,26.9
08-08-2024,14:38:42,Raps,7.28,65.67,24.5
08-08-2024,14:39:44,Raps,16.18,63.14,26.7
08-08-2024,15:07:13,Raps,9.39,64.33,23.8
08-08-2024,15:08:28,Raps,16.52,61.16,26.7
08-08-2024,15:25:29,Raps,9.06,64.97,23.9
08-08-2024,15:36:23,Raps,16.35,61.48,26.6
08-08-2024,15:59:09,Nisu,17.09,76.63,23.9
08-08-2024,16:11:31,Raps,8.88,64.58,23.3
08-08-2024,16:12:28,Raps,16.06,62.75,26.4
08-08-2024,16:49:32,Raps,8.66,64.13,24.0
08-08-2024,16:50:31,Raps,15.75,63.94,26.3
08-08-2024,17:51:27,Raps,9.29,62.50,24.5
08-08-2024,19:17:38,Nisu,16.54,76.28,27.0
08-08-2024,19:19:57,Raps,10.07,62.90,24.6
08-08-2024,20:03:31,Raps,8.35,63.27,25.0
08-08-2024,20:10:46,Nisu,15.69,78.18,25.6
08-08-2024,21:12:44,Raps,12.06,63.07,24.2
08-08-2024,21:13:40,Nisu,16.07,77.66,23.4
08-08-2024,21:30:28,Raps,11.46,63.02,24.1
08-08-2024,21:59:17,Raps,6.45,54.53,24.0
08-08-2024,22:25:57,Nisu,16.69,77.61,24.4
08-08-2024,22:37:43,Nisu,15.94,78.40,22.0
08-08-2024,23:00:18,Nisu,16.20,77.98,20.4
08-08-2024,23:20:09,Nisu,16.19,78.16,20.1
08-08-2024,23:44:15,Nisu,16.37,78.43,23.0
09-08-2024,00:06:36,Nisu,16.45,78.21,24.2
09-08-2024,01:10:32,Nisu,16.16,78.58,24.0
09-08-2024,02:55:11,Nisu,15.29,78.50,34.6
09-08-2024,02:58:40,Nisu,15.46,78.11,31.7
09-08-2024,03:45:07,Nisu,14.83,78.90,17.5
09-08-2024,03:49:37,Nisu,14.86,78.55,19.1
09-08-2024,03:51:21,Nisu,14.88,78.95,19.1
09-08-2024,03:53:06,Nisu,15.35,78.33,17.4
09-08-2024,04:05:11,Nisu,15.22,78.48,17.1
09-08-2024,04:12:03,Nisu,15.19,78.97,17.9
09-08-2024,04:14:27,Nisu,14.70,78.45,17.5
09-08-2024,04:18:47,Nisu,14.67,78.70,18.1
09-08-2024,04:20:58,Nisu,14.17,78.80,18.0
09-08-2024,04:41:02,Nisu,13.33,78.50,18.3
09-08-2024,04:59:11,Nisu,12.76,78.85,19.3
09-08-2024,05:03:30,Nisu,15.93,79.10,21.8
09-08-2024,05:04:21,Nisu,15.97,79.29,21.8
09-08-2024,05:04:59,Nisu,15.92,79.17,21.8
09-08-2024,05:06:21,Nisu,15.97,79.29,21.7
09-08-2024,05:09:55,Nisu,15.91,79.19,21.8
09-08-2024,05:22:01,Nisu,12.73,78.85,19.2
09-08-2024,05:31:01,Nisu,12.75,78.95,19.9
09-08-2024,05:43:56,Nisu,12.75,78.85,20.3
09-08-2024,05:52:13,Nisu,15.89,79.22,19.9
09-08-2024,05:56:27,Nisu,12.73,79.05,21.1
09-08-2024,06:05:12,Nisu,12.54,79.22,21.5
09-08-2024,06:07:05,Nisu,12.54,78.95,21.8
09-08-2024,06:08:14,Nisu,12.56,79.27,21.7
09-08-2024,06:09:35,Nisu,12.57,79.19,21.9
09-08-2024,06:21:05,Nisu,12.41,79.71,23.1
09-08-2024,06:31:40,Nisu,12.46,79.07,23.7
09-08-2024,06:52:11,Nisu,12.77,79.32,25.4
09-08-2024,06:53:34,Nisu,15.76,79.24,21.7
09-08-2024,07:03:57,Nisu,12.84,79.39,25.2
09-08-2024,07:18:15,Nisu,12.94,79.19,25.3
09-08-2024,07:29:42,Nisu,12.86,79.42,25.7
09-08-2024,07:44:55,Nisu,12.98,79.12,27.4
09-08-2024,07:57:13,Nisu,13.05,78.95,27.7
09-08-2024,07:59:07,Nisu,13.07,79.47,27.8
09-08-2024,08:03:12,Nisu,13.02,79.37,27.3
09-08-2024,08:05:04,Nisu,13.03,79.52,27.0
09-08-2024,08:09:00,Nisu,12.99,79.29,26.7
09-08-2024,08:19:38,Nisu,12.58,79.24,25.2
09-08-2024,08:22:30,Nisu,15.89,79.00,20.6
09-08-2024,08:44:19,Nisu,13.36,79.49,27.3
09-08-2024,08:46:33,Nisu,15.76,79.59,21.4
09-08-2024,09:12:46,Nisu,13.49,79.52,27.2
09-08-2024,09:19:53,Nisu,15.76,77.44,22.3
09-08-2024,09:22:17,Nisu,15.83,78.28,22.3
09-08-2024,09:52:21,Nisu,13.53,79.05,28.6
09-08-2024,09:58:56,Nisu,16.85,75.83,24.9
09-08-2024,10:16:07,Nisu,15.93,79.14,20.5
09-08-2024,10:18:43,Nisu,13.54,79.34,30.7
09-08-2024,10:37:40,Nisu,17.28,77.09,27.5
09-08-2024,10:43:27,Nisu,13.59,79.49,29.2
09-08-2024,10:45:09,Nisu,16.08,78.21,23.3
09-08-2024,11:10:48,Nisu,13.68,79.56,30.4
09-08-2024,11:12:03,Nisu,16.01,78.70,23.0
09-08-2024,11:34:17,Nisu,13.67,79.00,29.1
09-08-2024,11:35:53,Nisu,16.06,78.60,22.7
09-08-2024,12:01:32,Nisu,13.80,79.29,28.0
09-08-2024,12:02:49,Nisu,13.73,79.19,28.0
09-08-2024,12:03:58,Nisu,16.07,78.03,22.6
09-08-2024,12:30:25,Nisu,13.66,79.32,30.0
09-08-2024,12:33:49,Nisu,13.55,79.19,29.4
09-08-2024,12:34:26,Nisu,15.81,78.80,21.8
09-08-2024,13:14:22,Nisu,13.06,79.27,28.1
09-08-2024,13:16:27,Nisu,15.83,78.23,21.1
09-08-2024,13:33:10,Nisu,16.78,74.30,28.2
09-08-2024,13:56:37,Nisu,13.43,79.34,30.2
09-08-2024,13:57:46,Nisu,13.44,79.19,30.3
09-08-2024,14:19:47,Nisu,17.23,78.50,28.3
09-08-2024,14:32:55,Nisu,13.82,78.75,30.0
09-08-2024,14:34:53,Nisu,13.70,79.05,29.9
09-08-2024,14:38:37,Nisu,16.68,78.53,28.4
09-08-2024,14:58:50,Nisu,13.85,79.56,29.4
09-08-2024,15:08:40,Nisu,17.04,78.30,28.4
09-08-2024,15:23:54,Nisu,14.23,79.84,28.9
09-08-2024,15:34:51,Nisu,16.73,78.75,28.8
09-08-2024,15:37:56,Nisu,15.20,78.11,29.7
09-08-2024,15:56:49,Nisu,13.52,80.13,26.8
09-08-2024,15:58:17,Nisu,13.52,80.28,27.0
09-08-2024,16:01:01,Nisu,16.22,79.05,28.6
09-08-2024,16:29:16,Nisu,13.32,79.98,30.8
09-08-2024,16:30:34,Nisu,16.29,77.84,28.6
09-08-2024,16:55:10,Nisu,13.55,79.98,30.6
09-08-2024,16:57:12,Nisu,15.93,79.00,28.3
09-08-2024,17:26:25,Nisu,13.72,79.66,31.1
09-08-2024,17:28:02,Nisu,13.60,79.74,30.9
09-08-2024,17:29:18,Nisu,16.95,76.40,27.9
09-08-2024,17:53:04,Nisu,13.59,79.69,31.7
09-08-2024,18:04:46,Nisu,16.56,78.48,28.4
09-08-2024,18:29:05,Nisu,13.83,79.42,29.5
09-08-2024,18:31:16,Nisu,15.12,79.07,30.6
09-08-2024,18:58:16,Nisu,13.51,79.49,27.8
09-08-2024,18:59:17,Nisu,13.53,79.47,27.8
09-08-2024,19:00:36,Nisu,15.34,78.50,29.1
09-08-2024,19:29:58,Nisu,13.75,78.77,29.3
09-08-2024,19:31:24,Nisu,14.77,79.59,28.1
09-08-2024,20:01:52,Nisu,13.33,79.84,29.4
09-08-2024,20:04:24,Nisu,15.13,79.17,28.1
09-08-2024,20:26:46,Nisu,13.53,79.94,28.4
09-08-2024,20:29:34,Nisu,14.80,79.17,25.8
09-08-2024,20:47:18,Nisu,13.40,80.11,28.1
09-08-2024,21:08:19,Nisu,15.47,79.19,27.6
09-08-2024,21:11:12,Nisu,13.36,79.89,28.0
09-08-2024,21:30:32,Nisu,16.07,79.12,28.3
09-08-2024,21:31:34,Nisu,13.40,80.33,27.6
09-08-2024,21:45:39,Nisu,13.42,80.03,28.1
09-08-2024,22:16:01,Nisu,13.51,80.21,28.6
09-08-2024,22:17:25,Nisu,16.36,79.00,28.6
09-08-2024,22:39:25,Nisu,13.80,80.33,28.1
09-08-2024,22:49:05,Nisu,16.31,78.80,28.2
09-08-2024,22:55:58,Nisu,13.78,80.21,26.8
09-08-2024,23:10:18,Nisu,14.09,80.11,26.9
09-08-2024,23:14:33,Nisu,16.01,77.86,28.1
09-08-2024,23:25:35,Nisu,13.92,80.06,27.9
09-08-2024,23:35:01,Nisu,13.83,80.23,26.7
09-08-2024,23:46:33,Nisu,15.32,78.75,27.6
09-08-2024,23:49:47,Nisu,13.73,80.21,26.9
10-08-2024,00:10:09,Nisu,13.92,79.66,28.0
10-08-2024,00:33:15,Nisu,13.63,79.84,26.1
10-08-2024,00:53:22,Nisu,15.72,78.23,27.2
10-08-2024,00:54:01,Nisu,13.49,80.01,28.2
10-08-2024,01:14:38,Nisu,13.51,79.81,27.9
10-08-2024,01:37:52,Nisu,13.59,79.89,27.9
10-08-2024,01:55:21,Nisu,14.99,79.19,24.8
10-08-2024,01:56:06,Nisu,13.63,80.01,26.3
10-08-2024,02:15:33,Nisu,13.51,80.28,26.1
10-08-2024,02:16:58,Nisu,15.11,79.49,25.4
10-08-2024,02:18:24,Nisu,17.94,76.40,25.4
10-08-2024,02:20:06,Nisu,17.13,77.61,25.0
10-08-2024,02:36:11,Nisu,13.33,80.06,27.5
10-08-2024,02:54:52,Nisu,13.45,79.79,26.9
10-08-2024,03:13:40,Nisu,13.56,79.79,26.1
10-08-2024,03:16:53,Nisu,15.33,79.12,25.9
10-08-2024,03:32:38,Nisu,13.43,80.01,28.0
10-08-2024,04:00:18,Nisu,13.34,80.16,28.1
10-08-2024,04:19:12,Nisu,13.33,79.98,27.5
10-08-2024,04:21:16,Nisu,15.00,79.96,22.0
10-08-2024,04:54:12,Nisu,13.33,80.21,28.4
10-08-2024,04:56:41,Nisu,15.14,79.98,21.7
10-08-2024,05:28:58,Nisu,13.40,79.89,22.5
10-08-2024,05:51:28,Nisu,13.27,80.31,25.5
10-08-2024,06:19:07,Nisu,13.47,80.43,29.5
10-08-2024,06:20:34,Nisu,15.50,79.42,21.6
10-08-2024,06:32:35,Nisu,13.35,80.26,28.2
10-08-2024,06:55:28,Nisu,13.54,80.53,28.2
10-08-2024,07:21:32,Nisu,13.81,80.21,29.5
10-08-2024,07:40:26,Nisu,13.74,80.23,28.0
10-08-2024,07:42:14,Nisu,15.23,79.94,21.6
10-08-2024,07:57:30,Nisu,13.56,80.50,28.1
10-08-2024,08:20:12,Nisu,14.60,74.20,20.0
10-08-2024,08:21:04,Nisu,14.50,77.54,20.8
10-08-2024,08:21:45,Nisu,14.47,77.44,20.9
10-08-2024,08:42:08,Nisu,13.69,79.94,29.3
10-08-2024,08:44:28,Nisu,13.70,80.28,29.2
10-08-2024,08:45:11,Nisu,15.13,79.89,22.1
10-08-2024,09:08:42,Nisu,17.16,77.56,26.8
10-08-2024,09:12:01,Nisu,13.52,80.28,28.4
10-08-2024,09:13:21,Nisu,13.46,80.48,28.2
10-08-2024,09:14:05,Nisu,15.14,79.71,22.0
10-08-2024,09:45:57,Nisu,13.11,79.94,27.0
10-08-2024,09:47:11,Nisu,14.97,79.54,22.3
10-08-2024,10:17:33,Nisu,13.82,80.06,29.3
10-08-2024,10:19:22,Nisu,15.08,79.79,22.7
10-08-2024,10:52:31,Nisu,13.64,80.21,29.5
10-08-2024,10:53:59,Nisu,14.99,79.42,22.8
10-08-2024,11:23:38,Nisu,13.70,80.48,29.0
10-08-2024,11:56:08,Nisu,13.63,80.28,29.2
10-08-2024,11:57:32,Nisu,15.05,79.29,23.4
10-08-2024,12:35:06,Nisu,13.58,79.81,28.7
10-08-2024,12:37:19,Nisu,14.95,79.61,23.4
10-08-2024,13:40:50,Nisu,13.27,79.79,26.8
10-08-2024,13:42:48,Nisu,15.06,79.05,24.1
10-08-2024,14:22:36,Nisu,13.60,80.23,28.6
10-08-2024,14:24:10,Nisu,15.13,79.12,24.4
10-08-2024,14:58:20,Nisu,13.03,79.89,27.5
10-08-2024,15:00:00,Nisu,15.06,79.59,24.5
10-08-2024,15:27:33,Nisu,13.77,80.18,30.0
10-08-2024,15:28:48,Nisu,15.33,79.34,25.2
10-08-2024,16:13:06,Nisu,13.66,80.33,29.4
10-08-2024,16:26:50,Nisu,15.33,79.37,24.5
10-08-2024,16:52:41,Nisu,13.46,79.98,27.8
10-08-2024,16:53:40,Nisu,15.76,78.50,25.4
10-08-2024,17:30:28,Nisu,14.03,79.81,26.6
10-08-2024,17:31:52,Nisu,16.12,78.21,25.7
10-08-2024,18:13:58,Nisu,13.65,79.79,26.2
10-08-2024,18:15:10,Nisu,16.45,77.88,25.7
10-08-2024,19:10:44,Nisu,13.39,80.21,25.6
10-08-2024,19:12:21,Nisu,16.43,78.48,25.9
10-08-2024,19:29:17,Nisu,16.99,77.88,28.8
10-08-2024,19:30:14,Nisu,18.89,75.12,21.8
10-08-2024,19:47:17,Nisu,13.86,79.64,26.6
10-08-2024,19:48:37,Nisu,16.47,77.39,25.9
10-08-2024,20:25:46,Nisu,13.67,79.59,23.7
10-08-2024,20:39:29,Nisu,16.26,78.43,24.7
10-08-2024,21:07:51,Nisu,13.49,79.52,22.7
10-08-2024,23:22:17,Nisu,13.62,78.65,18.3
10-08-2024,23:44:30,Nisu,15.58,79.66,28.6
10-08-2024,23:46:28,Nisu,13.67,78.53,18.0
10-08-2024,23:50:06,Nisu,15.62,79.34,28.7
11-08-2024,00:07:34,Nisu,15.58,79.69,28.8
11-08-2024,00:08:18,Nisu,13.25,79.32,18.4
11-08-2024,00:08:50,Nisu,13.21,79.71,18.8
11-08-2024,00:12:21,Nisu,15.62,79.24,29.0
11-08-2024,00:27:45,Nisu,15.47,79.71,28.1
11-08-2024,00:30:41,Nisu,12.56,79.56,25.1
11-08-2024,00:48:26,Nisu,12.71,79.24,27.8
11-08-2024,00:50:15,Nisu,15.63,79.89,28.3
11-08-2024,01:26:12,Nisu,13.29,79.71,23.9
11-08-2024,08:22:25,Nisu,15.46,79.12,28.1
11-08-2024,08:45:49,Nisu,13.06,80.16,21.3
11-08-2024,09:13:04,Nisu,16.47,78.48,28.3
11-08-2024,09:30:45,Nisu,15.83,78.60,28.5
11-08-2024,09:42:32,Nisu,12.97,80.55,24.8
11-08-2024,09:59:40,Nisu,15.63,79.24,27.6
11-08-2024,10:31:12,Nisu,20.67,74.55,20.7
11-08-2024,10:40:19,Nisu,13.12,79.79,24.4
11-08-2024,11:30:32,Nisu,20.83,74.33,20.4
11-08-2024,11:50:08,Nisu,12.79,79.84,21.6
11-08-2024,11:57:42,Nisu,13.14,78.53,19.3
11-08-2024,12:02:36,Nisu,13.42,79.39,22.4
11-08-2024,12:53:24,Nisu,20.05,74.62,20.4
11-08-2024,13:44:24,Nisu,12.59,78.80,19.8
11-08-2024,13:52:42,Nisu,13.58,80.92,23.3
11-08-2024,14:26:22,Nisu,12.92,79.00,20.0
11-08-2024,14:29:21,Nisu,20.86,73.66,20.3
11-08-2024,17:59:25,Nisu,12.92,78.85,20.4
11-08-2024,18:22:11,Nisu,21.09,73.69,20.5
11-08-2024,18:54:40,Nisu,12.32,78.80,19.2
11-08-2024,19:32:19,Nisu,16.07,78.65,28.4
11-08-2024,19:42:53,Nisu,12.84,78.60,19.1
11-08-2024,20:05:25,Nisu,13.19,78.97,19.0
11-08-2024,20:07:33,Nisu,13.28,79.19,19.4
11-08-2024,20:10:49,Nisu,20.87,73.88,20.2
11-08-2024,20:36:21,Nisu,13.66,79.12,18.7
11-08-2024,20:59:03,Nisu,13.64,78.82,18.8
11-08-2024,21:21:34,Nisu,13.69,78.75,18.8
11-08-2024,21:22:53,Nisu,13.77,79.10,19.1
11-08-2024,21:44:45,Nisu,13.79,78.77,18.6
11-08-2024,22:07:45,Nisu,21.03,73.34,20.1
11-08-2024,22:08:34,Nisu,13.53,78.75,18.2
11-08-2024,22:30:47,Nisu,13.49,78.70,17.9
11-08-2024,22:59:49,Nisu,13.81,78.55,18.1
11-08-2024,23:03:14,Nisu,21.11,71.88,19.7
11-08-2024,23:31:53,Nisu,13.90,78.65,18.0
11-08-2024,23:57:06,Nisu,13.60,78.80,18.7
12-08-2024,08:28:18,Nisu,13.46,80.31,23.0
12-08-2024,08:42:58,Nisu,15.53,79.34,28.3
12-08-2024,09:27:42,Nisu,13.37,79.74,20.4
12-08-2024,11:38:26,Nisu,13.13,78.97,43.2
12-08-2024,14:02:25,Nisu,13.76,77.98,25.3
12-08-2024,15:55:48,Nisu,15.36,77.17,17.9
12-08-2024,15:59:10,Nisu,14.29,78.06,18.1
12-08-2024,16:06:22,Nisu,14.46,77.51,17.9
12-08-2024,16:39:49,Nisu,13.37,78.38,18.3
12-08-2024,17:01:33,Nisu,13.25,78.48,17.9
12-08-2024,17:25:34,Nisu,13.07,78.65,18.0
12-08-2024,18:33:42,Nisu,14.97,79.39,29.2
12-08-2024,18:48:02,Nisu,15.63,79.29,28.3
12-08-2024,20:01:39,Nisu,15.42,77.79,20.4
13-08-2024,00:00:37,Nisu,15.16,79.61,29.9
13-08-2024,00:03:08,Nisu,15.21,79.22,29.2
13-08-2024,07:13:53,Nisu,14.47,80.26,27.0
13-08-2024,14:51:33,Raps,21.42,61.14,24.3
13-08-2024,17:47:34,Raps,13.87,63.79,24.8
13-08-2024,18:48:40,Oder,14.07,64.22,21.6
13-08-2024,19:36:27,Raps,14.49,64.01,25.7
13-08-2024,20:28:41,Raps,16.73,65.74,23.8
13-08-2024,20:50:06,Raps,14.60,65.37,28.3
13-08-2024,21:13:08,Raps,12.86,65.57,31.5
13-08-2024,21:35:58,Raps,12.33,63.76,19.6
13-08-2024,21:37:40,Raps,11.15,65.79,34.9
13-08-2024,21:59:11,Raps,9.57,65.97,39.3
13-08-2024,22:27:33,Raps,8.81,65.67,31.7
13-08-2024,22:47:38,Raps,13.70,65.67,23.5
13-08-2024,22:48:21,Raps,8.59,66.09,24.1
13-08-2024,23:10:05,Raps,14.15,64.06,23.2
13-08-2024,23:10:33,Raps,8.53,65.59,24.7
13-08-2024,23:49:49,Raps,14.44,63.71,22.4
13-08-2024,23:50:22,Raps,9.12,66.61,23.1
14-08-2024,00:15:37,Raps,14.29,63.61,22.0
14-08-2024,00:16:06,Raps,9.89,66.31,21.5
14-08-2024,00:22:27,Raps,9.11,66.34,22.1
14-08-2024,00:34:05,Raps,10.18,66.58,21.0
14-08-2024,00:44:22,Raps,10.50,66.53,20.5
14-08-2024,00:46:38,Raps,14.44,62.55,22.3
14-08-2024,00:51:16,Raps,8.27,65.99,20.7
14-08-2024,01:07:29,Raps,9.98,66.14,19.2
14-08-2024,01:19:05,Raps,10.84,65.77,18.8
14-08-2024,01:37:35,Raps,10.50,65.67,18.3
14-08-2024,02:00:04,Raps,10.70,65.47,17.9
14-08-2024,02:21:17,Raps,10.36,65.45,18.3
14-08-2024,02:32:53,Raps,8.78,66.09,20.9
14-08-2024,02:41:11,Raps,8.15,66.26,23.4
14-08-2024,02:44:55,Raps,15.97,65.30,24.9
14-08-2024,02:59:18,Raps,7.58,66.31,27.3
14-08-2024,03:22:16,Raps,17.43,64.06,24.5
14-08-2024,03:22:49,Raps,8.18,66.04,23.3
14-08-2024,03:56:17,Raps,8.11,65.97,20.8
14-08-2024,03:56:40,Raps,16.98,64.93,24.6
14-08-2024,04:27:49,Raps,7.25,66.06,20.6
14-08-2024,04:32:15,Raps,16.70,63.17,24.9
14-08-2024,04:52:08,Raps,7.11,65.87,20.6
14-08-2024,05:10:24,Raps,16.30,60.67,24.2
14-08-2024,05:22:07,Raps,7.22,65.82,20.8
14-08-2024,05:46:03,Raps,14.09,63.81,23.9
14-08-2024,05:50:30,Raps,7.46,65.82,20.6
14-08-2024,06:19:06,Raps,8.22,65.84,20.6
14-08-2024,06:20:48,Raps,14.16,64.03,24.8
14-08-2024,06:47:05,Raps,8.34,65.69,20.6
14-08-2024,06:53:20,Raps,13.92,63.66,25.1
14-08-2024,07:17:04,Raps,8.80,65.54,21.3
14-08-2024,07:27:23,Raps,13.44,61.88,24.9
14-08-2024,07:45:06,Raps,8.77,65.22,20.8
14-08-2024,12:29:00,Raps,22.42,57.82,25.8
14-08-2024,13:12:10,Raps,7.35,64.50,23.1
14-08-2024,13:27:49,Raps,20.99,63.17,25.8
14-08-2024,13:40:49,Raps,7.50,64.53,22.8
14-08-2024,14:14:35,Raps,7.34,64.36,23.8
14-08-2024,14:31:16,Nisu,20.31,73.54,27.8
14-08-2024,14:34:54,Raps,6.60,65.35,24.5
14-08-2024,14:38:30,Raps,21.59,61.48,26.3
14-08-2024,14:45:22,Nisu,19.61,74.57,26.8
14-08-2024,15:09:24,Raps,6.14,65.00,26.6
14-08-2024,16:03:27,Raps,6.54,64.43,26.4
14-08-2024,16:56:24,Nisu,17.63,76.21,28.8
14-08-2024,18:51:15,Raps,12.35,62.30,22.0
14-08-2024,19:09:32,Raps,12.76,62.03,27.1
14-08-2024,20:12:13,Raps,6.88,63.39,37.2
14-08-2024,20:34:11,Raps,7.20,63.74,42.1
14-08-2024,21:17:13,Raps,5.58,63.98,28.7
14-08-2024,21:39:15,Raps,5.61,63.54,25.4
14-08-2024,21:56:23,Raps,5.93,63.27,23.2
14-08-2024,23:54:29,Nisu,19.82,75.04,27.9
15-08-2024,00:17:45,Nisu,18.76,76.03,28.6
15-08-2024,00:33:09,Nisu,18.65,76.48,28.3
15-08-2024,00:49:11,Nisu,18.28,76.48,28.3
15-08-2024,01:05:33,Nisu,18.08,76.75,28.4
15-08-2024,01:22:47,Nisu,18.79,76.21,28.4
15-08-2024,01:37:59,Nisu,18.25,76.48,28.4
15-08-2024,02:14:04,Nisu,18.83,75.93,29.6
15-08-2024,02:43:32,Nisu,17.34,77.66,30.6
15-08-2024,03:13:53,Nisu,15.57,78.06,37.3
15-08-2024,03:33:53,Nisu,14.95,78.58,39.4
15-08-2024,03:53:53,Nisu,13.72,78.97,43.8
15-08-2024,04:11:37,Nisu,12.91,79.52,40.3
15-08-2024,04:19:38,Nisu,13.25,78.95,31.2
15-08-2024,04:37:21,Nisu,18.23,76.01,27.3
15-08-2024,04:39:11,Nisu,13.22,79.19,21.4
15-08-2024,05:09:34,Nisu,12.93,78.92,16.7
15-08-2024,05:16:12,Nisu,18.66,76.11,27.9
15-08-2024,05:39:05,Nisu,13.79,79.34,18.7
15-08-2024,06:04:20,Nisu,18.56,76.18,27.9
15-08-2024,06:05:03,Nisu,13.53,79.10,17.7
15-08-2024,06:30:31,Nisu,13.45,79.27,19.9
15-08-2024,06:34:20,Nisu,18.39,76.18,27.3
15-08-2024,06:52:58,Nisu,18.71,76.28,27.9
15-08-2024,06:53:29,Nisu,13.23,79.47,19.7
15-08-2024,07:19:47,Nisu,19.03,75.51,27.0
15-08-2024,07:20:27,Nisu,13.45,78.97,19.6
15-08-2024,07:42:23,Nisu,12.98,78.58,18.3
15-08-2024,08:18:25,Nisu,12.80,78.80,19.2
15-08-2024,08:52:41,Nisu,13.79,78.90,21.1
15-08-2024,08:53:52,Nisu,19.57,74.35,27.0
15-08-2024,09:21:00,Nisu,12.54,78.97,21.3
15-08-2024,09:21:58,Nisu,19.61,72.57,25.6
15-08-2024,09:44:43,Nisu,12.44,78.90,22.3
15-08-2024,09:45:42,Nisu,17.37,76.21,27.4
15-08-2024,10:52:35,Nisu,13.01,80.03,21.6
15-08-2024,10:58:39,Nisu,12.78,78.60,22.4
15-08-2024,11:01:11,Nisu,17.28,77.02,26.9
15-08-2024,11:42:22,Nisu,14.05,79.02,24.7
15-08-2024,12:01:53,Nisu,17.35,77.22,27.4
15-08-2024,12:43:39,Nisu,13.66,79.02,25.8
15-08-2024,12:44:26,Nisu,17.28,76.30,26.0
15-08-2024,13:16:22,Nisu,12.63,78.75,26.1
15-08-2024,13:39:56,Nisu,17.13,76.43,27.9
15-08-2024,13:41:55,Nisu,13.31,78.72,28.0
15-08-2024,14:26:04,Nisu,13.46,78.23,28.6
15-08-2024,14:39:45,Nisu,17.31,77.12,27.6
15-08-2024,14:41:35,Nisu,12.74,78.18,27.2
15-08-2024,15:24:50,Nisu,13.72,78.13,29.3
15-08-2024,15:25:45,Nisu,17.13,76.97,27.4
15-08-2024,16:12:33,Nisu,13.22,78.68,28.7
15-08-2024,16:43:19,Nisu,13.98,78.77,29.9
15-08-2024,17:34:44,Nisu,13.11,78.65,28.2
15-08-2024,17:35:45,Nisu,17.12,76.48,28.2
15-08-2024,18:01:47,Nisu,13.46,79.02,29.4
15-08-2024,18:42:20,Nisu,13.90,78.87,29.7
15-08-2024,18:47:23,Nisu,17.38,75.93,26.7
15-08-2024,19:19:58,Nisu,13.24,78.65,27.0
15-08-2024,20:08:51,Nisu,16.62,77.54,28.0
15-08-2024,20:09:37,Nisu,13.87,78.85,29.2
15-08-2024,20:49:20,Nisu,16.30,77.69,29.0
15-08-2024,20:49:44,Nisu,14.30,78.38,27.8
15-08-2024,21:08:03,Nisu,16.84,77.39,28.5
15-08-2024,21:08:29,Nisu,14.37,78.53,27.8
15-08-2024,21:35:28,Nisu,15.76,78.33,29.7
15-08-2024,21:35:56,Nisu,14.03,78.43,24.7
15-08-2024,22:02:55,Nisu,15.70,77.71,29.3
15-08-2024,22:03:31,Nisu,14.06,78.53,26.6
15-08-2024,22:28:03,Nisu,13.87,78.80,26.6
15-08-2024,22:50:40,Nisu,15.92,77.93,29.1
15-08-2024,22:51:10,Nisu,13.08,78.72,24.1
15-08-2024,23:21:14,Nisu,15.19,78.33,29.5
15-08-2024,23:21:35,Nisu,12.79,78.95,24.8
15-08-2024,23:54:52,Nisu,15.70,78.18,29.4
15-08-2024,23:55:21,Nisu,13.25,79.14,29.1
16-08-2024,00:21:27,Nisu,13.38,79.27,27.4
16-08-2024,00:43:11,Nisu,17.51,75.27,22.9
16-08-2024,00:55:57,Nisu,17.53,75.64,22.4
16-08-2024,00:56:35,Nisu,12.84,79.07,24.8
16-08-2024,01:24:31,Nisu,17.35,75.76,22.5
16-08-2024,01:25:00,Nisu,13.20,79.29,27.5
16-08-2024,01:52:31,Nisu,17.52,75.44,22.7
16-08-2024,01:53:02,Nisu,13.10,79.12,24.2
16-08-2024,02:23:33,Nisu,13.29,78.40,23.2
16-08-2024,02:25:27,Nisu,18.14,75.71,25.1
16-08-2024,02:52:57,Nisu,13.49,78.13,20.8
16-08-2024,03:25:32,Nisu,13.44,77.54,20.3
16-08-2024,03:34:01,Nisu,17.48,75.93,23.5
16-08-2024,03:55:42,Nisu,13.38,77.07,20.3
16-08-2024,03:56:55,Nisu,13.26,76.87,20.7
16-08-2024,04:08:15,Nisu,17.73,75.37,24.0
16-08-2024,04:24:57,Nisu,18.12,75.34,25.2
16-08-2024,04:25:20,Nisu,12.98,77.12,20.1
16-08-2024,04:54:39,Nisu,17.69,75.71,23.3
16-08-2024,04:56:06,Nisu,13.11,77.27,19.7
16-08-2024,05:25:33,Nisu,18.10,75.56,24.7
16-08-2024,05:26:02,Nisu,13.24,77.49,20.5
16-08-2024,05:58:16,Nisu,12.98,77.34,21.6
16-08-2024,06:01:22,Nisu,18.20,75.76,25.4
16-08-2024,06:26:50,Nisu,13.30,76.97,22.1
16-08-2024,06:57:32,Nisu,18.24,74.85,25.1
16-08-2024,06:57:55,Nisu,13.27,77.12,21.8
16-08-2024,07:21:31,Nisu,17.87,74.75,24.4
16-08-2024,07:22:04,Nisu,13.05,77.76,21.8
16-08-2024,07:44:14,Nisu,13.51,77.51,22.6
16-08-2024,08:15:44,Nisu,13.69,77.39,23.8
16-08-2024,08:24:56,Nisu,15.09,78.03,26.9
16-08-2024,08:58:39,Nisu,14.15,77.12,24.7
16-08-2024,09:00:07,Nisu,15.07,77.61,26.4
16-08-2024,09:24:47,Nisu,13.01,79.64,21.7
16-08-2024,09:36:07,Nisu,14.10,77.42,25.1
16-08-2024,09:37:30,Nisu,14.92,75.41,26.4
16-08-2024,09:53:34,Nisu,13.08,79.84,21.8
16-08-2024,10:03:52,Nisu,13.20,77.19,25.8
16-08-2024,10:06:04,Nisu,15.30,77.17,27.6
16-08-2024,10:38:13,Nisu,12.73,78.01,30.8
16-08-2024,10:39:03,Nisu,15.27,77.00,26.3
16-08-2024,11:05:44,Nisu,12.74,78.33,30.4
16-08-2024,11:06:47,Nisu,14.88,78.21,27.4
16-08-2024,11:20:39,Nisu,13.17,78.82,23.4
16-08-2024,11:38:10,Nisu,13.26,78.55,30.2
16-08-2024,11:39:02,Nisu,15.03,77.91,28.8
16-08-2024,12:16:29,Nisu,14.08,78.53,28.8
16-08-2024,12:17:47,Nisu,14.96,77.19,26.9
16-08-2024,12:21:11,Nisu,13.02,78.21,24.1
16-08-2024,12:47:22,Nisu,13.02,78.97,23.2
16-08-2024,12:50:34,Nisu,13.48,79.34,29.7
16-08-2024,12:51:41,Nisu,15.31,77.66,28.0
16-08-2024,15:13:30,Hernes,18.29,76.86,24.9
16-08-2024,16:03:40,Nisu,13.63,78.87,23.9
16-08-2024,16:14:35,Hernes,18.46,76.21,25.2
16-08-2024,16:16:35,Nisu,15.83,77.09,27.8
16-08-2024,16:42:42,Nisu,13.32,78.90,28.3
16-08-2024,16:44:01,Nisu,15.65,75.46,27.7
16-08-2024,17:22:01,Nisu,13.06,79.02,29.8
16-08-2024,17:23:03,Nisu,15.05,77.49,27.4
16-08-2024,17:53:41,Hernes,18.52,75.07,25.5
16-08-2024,17:56:03,Nisu,13.59,78.48,30.0
16-08-2024,18:18:52,Nisu,14.88,75.39,26.1
16-08-2024,18:37:33,Nisu,13.56,78.26,30.4
16-08-2024,18:38:14,Nisu,14.92,77.93,26.7
16-08-2024,19:23:10,Nisu,13.30,78.13,29.2
16-08-2024,19:24:05,Nisu,15.75,76.90,25.9
16-08-2024,20:09:34,Nisu,15.23,77.79,26.7
16-08-2024,20:10:04,Nisu,14.13,78.58,28.4
16-08-2024,20:43:41,Nisu,13.95,78.30,27.3
16-08-2024,21:15:06,Hernes,18.40,74.21,23.8
16-08-2024,21:18:15,Nisu,15.63,77.27,26.4
16-08-2024,21:18:43,Nisu,13.70,78.60,30.8
16-08-2024,21:57:17,Nisu,13.99,78.48,29.7
16-08-2024,22:18:33,Nisu,13.97,78.65,28.3
16-08-2024,22:18:56,Nisu,16.31,77.07,26.5
16-08-2024,22:45:04,Nisu,16.22,76.92,26.3
16-08-2024,22:45:31,Nisu,13.97,78.48,26.4
16-08-2024,22:45:57,Nisu,13.76,78.38,25.7
16-08-2024,23:11:49,Nisu,16.06,77.37,27.0
16-08-2024,23:12:42,Nisu,13.90,78.43,27.4
16-08-2024,23:41:22,Nisu,15.22,77.71,26.6
16-08-2024,23:41:53,Nisu,13.79,78.06,26.6
17-08-2024,00:11:23,Nisu,14.87,77.61,26.7
17-08-2024,00:11:54,Nisu,13.91,78.33,26.7
17-08-2024,00:40:51,Nisu,15.56,77.34,26.5
17-08-2024,00:41:26,Nisu,13.56,77.98,25.6
17-08-2024,01:10:47,Nisu,14.94,77.05,26.2
17-08-2024,01:11:14,Nisu,13.73,78.23,27.2
17-08-2024,01:47:28,Nisu,15.86,77.29,25.5
17-08-2024,01:48:16,Nisu,13.05,78.38,27.9
17-08-2024,02:15:07,Nisu,16.28,77.34,25.7
17-08-2024,02:15:40,Nisu,13.41,77.29,23.2
17-08-2024,02:44:45,Nisu,13.34,77.88,24.8
17-08-2024,02:48:23,Nisu,16.56,77.34,25.9
17-08-2024,03:14:09,Nisu,13.30,77.74,25.9
17-08-2024,03:27:58,Nisu,16.61,77.39,26.4
17-08-2024,03:43:35,Nisu,13.92,78.11,26.2
17-08-2024,03:44:18,Nisu,16.70,77.51,26.5
17-08-2024,04:12:23,Nisu,13.29,77.66,24.2
17-08-2024,04:13:17,Nisu,16.42,77.49,26.5
17-08-2024,04:40:49,Nisu,16.65,76.95,26.0
17-08-2024,04:41:28,Nisu,13.62,78.53,26.0
17-08-2024,05:14:47,Nisu,13.72,78.48,25.8
17-08-2024,05:15:19,Nisu,16.53,77.51,26.2
17-08-2024,05:43:22,Nisu,13.83,78.65,25.9
17-08-2024,05:45:13,Nisu,17.37,76.48,26.5
17-08-2024,06:12:43,Nisu,14.17,78.68,24.0
17-08-2024,06:18:44,Nisu,17.29,76.80,26.4
17-08-2024,06:39:16,Nisu,14.11,78.38,23.7
17-08-2024,07:12:12,Nisu,13.76,78.26,23.4
17-08-2024,07:21:21,Nisu,17.57,75.12,25.9
17-08-2024,07:40:40,Nisu,13.56,78.28,23.8
17-08-2024,07:41:32,Nisu,17.94,75.59,26.2
17-08-2024,08:45:49,Nisu,13.91,78.28,24.4
17-08-2024,09:19:22,Nisu,14.28,77.71,24.2
17-08-2024,11:19:33,Nisu,15.13,78.38,23.7
17-08-2024,11:32:31,Nisu,14.44,78.58,23.2
17-08-2024,11:44:23,Nisu,14.90,78.60,23.4
17-08-2024,11:59:18,Nisu,14.19,78.43,22.8
17-08-2024,12:32:05,Hernes,16.59,74.38,22.0
17-08-2024,13:12:18,Hernes,15.57,78.19,27.8
17-08-2024,13:20:35,Nisu,13.96,78.13,22.8
17-08-2024,13:51:45,Hernes,14.79,79.68,34.1
17-08-2024,15:14:00,Hernes,15.37,77.40,24.0
17-08-2024,16:13:03,Oder,20.21,62.59,24.2
17-08-2024,18:03:47,Oder,21.93,61.46,26.6
18-08-2024,10:46:08,Oder,16.82,65.12,22.0
18-08-2024,11:01:20,Oder,24.84,60.31,23.1
18-08-2024,11:41:46,Oder,15.88,63.34,23.3
18-08-2024,11:44:16,Oder,21.93,61.71,24.2
18-08-2024,12:31:13,Oder,14.49,64.70,26.1
18-08-2024,13:10:44,Oder,19.51,63.64,24.2
18-08-2024,13:30:33,Oder,14.02,65.32,22.1
18-08-2024,13:47:52,Oder,21.36,60.03,24.7
18-08-2024,14:16:47,Oder,15.95,63.67,22.2
18-08-2024,14:20:39,Oder,15.63,64.39,21.6
18-08-2024,14:39:05,Oder,15.13,64.65,22.2
18-08-2024,14:50:47,Oder,14.33,65.02,24.9
18-08-2024,15:03:32,Oder,14.26,65.85,24.7
18-08-2024,15:59:34,Oder,17.02,64.17,26.8
18-08-2024,16:02:00,Oder,14.41,65.60,25.7
18-08-2024,17:37:53,Oder,13.51,64.29,27.2
18-08-2024,18:04:52,Oder,12.56,65.10,33.8
18-08-2024,18:18:14,Oder,12.22,65.47,33.0
18-08-2024,18:36:00,Oder,12.22,63.57,26.6
18-08-2024,19:22:05,Oder,15.66,64.34,24.0
19-08-2024,08:12:07,Oder,13.14,65.20,20.3
19-08-2024,09:11:50,Oder,18.34,63.22,20.9
19-08-2024,09:19:31,Oder,17.48,63.29,21.4
19-08-2024,10:02:56,Oder,17.42,65.62,24.8
19-08-2024,10:09:32,Oder,16.05,64.22,34.3
19-08-2024,10:12:13,Oder,16.98,63.82,24.1
19-08-2024,10:44:03,Oder,14.05,65.55,33.2
19-08-2024,10:57:38,Oder,12.79,65.20,23.8
19-08-2024,11:02:31,Oder,17.76,64.44,22.7
19-08-2024,11:32:25,Oder,12.39,65.17,22.9
19-08-2024,11:36:23,Oder,17.98,63.84,22.5
19-08-2024,12:05:27,Oder,12.81,64.77,22.1
19-08-2024,12:34:51,Oder,12.75,65.15,23.0
19-08-2024,12:36:52,Oder,17.84,63.52,23.2
19-08-2024,12:39:26,Oder,14.89,65.65,23.0
19-08-2024,12:48:36,Oder,14.71,65.37,22.0
19-08-2024,12:54:04,Oder,14.35,66.00,23.6
19-08-2024,13:00:39,Oder,12.71,64.82,22.9
19-08-2024,13:07:01,Oder,12.85,64.72,23.1
19-08-2024,13:09:27,Oder,14.23,66.90,26.1
19-08-2024,13:19:46,Oder,17.62,64.75,24.7
19-08-2024,13:22:01,Oder,13.66,65.20,23.1
19-08-2024,13:52:27,Oder,12.81,64.82,23.1
19-08-2024,14:03:51,Oder,13.61,66.25,24.1
19-08-2024,14:06:15,Oder,18.43,63.02,23.9
19-08-2024,14:21:07,Oder,12.95,65.27,23.9
19-08-2024,14:40:32,Oder,17.76,63.34,22.9
19-08-2024,14:48:14,Oder,14.01,67.33,25.6
19-08-2024,14:55:23,Oder,13.27,65.25,24.4
19-08-2024,15:20:36,Oder,13.96,66.63,24.0
19-08-2024,15:33:10,Oder,13.98,67.00,23.8
19-08-2024,15:35:27,Oder,17.80,63.14,23.0
19-08-2024,15:36:58,Oder,13.62,65.32,24.0
19-08-2024,16:09:59,Oder,13.34,65.52,24.5
19-08-2024,16:26:20,Oder,13.61,66.53,22.9
19-08-2024,16:59:17,Oder,17.60,62.89,23.8
19-08-2024,17:16:13,Oder,17.51,64.34,24.5
19-08-2024,17:18:39,Oder,13.43,65.80,24.6
19-08-2024,17:21:48,Oder,13.52,66.63,23.4
19-08-2024,18:02:40,Oder,16.52,65.22,24.1
19-08-2024,18:06:24,Oder,13.38,66.50,24.4
19-08-2024,18:08:28,Oder,13.31,65.15,25.1
19-08-2024,18:12:42,Oder,16.17,59.60,26.1
19-08-2024,18:22:13,Oder,13.48,67.00,23.8
19-08-2024,18:29:18,Oder,19.54,64.87,28.4
19-08-2024,19:03:51,Oder,13.14,64.97,24.5
19-08-2024,19:28:30,Oder,16.55,64.75,24.0
19-08-2024,19:30:28,Oder,13.71,65.92,24.0
19-08-2024,19:32:31,Oder,16.13,61.69,25.3
19-08-2024,19:35:03,Oder,13.41,64.80,25.9
20-08-2024,08:28:22,Oder,13.60,62.74,17.6
20-08-2024,08:29:45,Oder,17.57,55.07,23.6
20-08-2024,08:31:56,Oder,14.19,66.60,18.3
20-08-2024,08:47:21,Oder,16.59,64.82,23.2
20-08-2024,09:01:28,Oder,13.44,62.79,21.0
20-08-2024,09:03:09,Oder,16.24,62.34,22.9
20-08-2024,09:05:54,Oder,13.90,65.17,21.0
20-08-2024,09:29:35,Oder,12.95,63.39,24.5
20-08-2024,09:31:17,Oder,16.14,61.76,23.3
20-08-2024,09:35:02,Oder,16.45,65.00,23.7
20-08-2024,09:38:19,Oder,13.86,65.60,23.0
20-08-2024,10:14:42,Oder,13.33,61.44,23.5
20-08-2024,10:15:40,Oder,16.38,60.91,23.8
20-08-2024,10:17:06,Oder,16.56,64.24,22.9
20-08-2024,10:18:39,Oder,13.92,66.27,23.8
20-08-2024,10:53:19,Oder,13.62,63.37,24.3
20-08-2024,10:54:19,Oder,16.28,60.91,23.7
20-08-2024,10:58:39,Oder,13.85,66.38,23.7
20-08-2024,11:14:44,Oder,16.42,65.05,23.7
20-08-2024,11:39:38,Oder,13.34,63.57,24.7
20-08-2024,11:43:45,Oder,13.57,66.12,24.7
20-08-2024,11:45:52,Oder,16.58,61.13,24.7
20-08-2024,11:52:08,Oder,16.38,65.30,23.7
20-08-2024,12:00:17,Rukis,18.79,72.40,24.7
20-08-2024,12:14:38,Oder,16.28,61.96,24.7
20-08-2024,12:37:50,Oder,13.41,64.29,24.9
20-08-2024,12:38:56,Oder,16.02,62.89,24.2
20-08-2024,12:42:02,Oder,13.70,66.07,24.1
20-08-2024,12:42:46,Oder,16.52,64.97,23.9
20-08-2024,13:11:39,Oder,13.41,64.65,24.3
20-08-2024,13:13:57,Oder,13.42,64.37,25.4
20-08-2024,13:15:09,Oder,16.02,62.61,23.9
20-08-2024,13:21:01,Oder,16.47,64.77,24.2
20-08-2024,13:40:46,Oder,13.41,64.54,25.9
20-08-2024,13:42:04,Oder,16.06,59.98,24.0
20-08-2024,13:44:12,Oder,13.97,66.98,25.0
20-08-2024,14:01:27,Oder,16.47,65.30,24.5
20-08-2024,15:16:02,Oder,13.73,65.87,24.7
20-08-2024,15:33:06,Rukis,17.17,71.93,26.1
20-08-2024,15:38:48,Oder,16.39,65.87,25.4
20-08-2024,15:56:54,Oder,13.42,63.67,23.2
20-08-2024,16:23:54,Oder,13.27,65.85,23.9
20-08-2024,16:26:25,Oder,16.54,65.37,25.3
20-08-2024,17:16:32,Oder,16.72,65.27,25.0
20-08-2024,17:18:42,Oder,13.85,67.08,24.6
20-08-2024,18:23:12,Oder,13.51,66.58,24.1
20-08-2024,18:25:13,Oder,16.67,65.22,24.9
20-08-2024,18:27:17,Rukis,17.43,74.74,27.1
20-08-2024,18:58:27,Oder,17.18,64.92,29.3
20-08-2024,19:04:24,Rukis,17.56,75.11,26.8
20-08-2024,19:13:55,Oder,13.82,66.53,23.4
20-08-2024,19:15:17,Oder,16.85,65.45,24.5
21-08-2024,09:21:15,Oder,13.80,65.80,22.3
21-08-2024,09:22:17,Oder,16.82,65.55,24.5
21-08-2024,09:59:32,Rukis,14.98,74.84,40.6
21-08-2024,10:49:43,Rukis,14.32,75.61,36.5
21-08-2024,11:05:16,Oder,14.44,66.55,23.4
21-08-2024,11:12:24,Rukis,12.52,76.53,35.5
21-08-2024,11:13:49,Rukis,17.50,75.19,26.7
21-08-2024,11:30:11,Oder,16.76,65.40,23.8
21-08-2024,11:43:22,Oder,14.41,66.35,22.1
21-08-2024,11:45:14,Rukis,12.65,76.60,29.3
21-08-2024,12:50:33,Rukis,13.54,76.75,26.0
21-08-2024,13:03:34,Oder,16.90,65.10,23.1
21-08-2024,13:05:22,Oder,14.04,66.35,24.0
21-08-2024,13:18:02,Rukis,16.18,74.69,25.8
21-08-2024,13:20:13,Rukis,13.18,75.88,26.7
21-08-2024,13:42:36,Rukis,13.46,66.17,23.5
21-08-2024,13:44:17,Oder,13.60,66.45,24.2
21-08-2024,13:44:46,Oder,16.51,65.72,24.4
21-08-2024,13:49:15,Rukis,12.06,75.66,26.4
21-08-2024,13:51:09,Rukis,17.55,75.09,25.9
21-08-2024,14:08:48,Oder,16.64,65.42,29.2
21-08-2024,14:24:04,Rukis,12.85,75.88,30.4
21-08-2024,14:25:14,Rukis,17.60,74.39,25.2
21-08-2024,14:34:01,Oder,13.57,66.07,23.4
21-08-2024,15:05:46,Rukis,14.25,76.28,31.7
21-08-2024,15:12:00,Oder,16.65,65.55,24.8
21-08-2024,15:31:25,Rukis,18.01,74.09,24.2
21-08-2024,15:37:15,Rukis,14.38,75.93,39.6
21-08-2024,15:49:46,Oder,14.22,65.00,24.3
21-08-2024,16:06:50,Rukis,14.15,76.58,26.2
21-08-2024,16:10:40,Rukis,16.71,73.52,28.1
21-08-2024,16:32:13,Oder,16.42,64.92,24.0
21-08-2024,16:35:19,Rukis,14.25,76.06,28.1
21-08-2024,16:36:45,Rukis,16.55,74.62,26.5
21-08-2024,16:39:58,Oder,13.78,66.80,25.1
21-08-2024,17:06:47,Rukis,14.23,76.01,26.8
21-08-2024,17:07:45,Rukis,16.77,73.94,26.9
21-08-2024,17:26:46,Oder,13.71,66.53,24.4
21-08-2024,17:36:02,Rukis,14.74,76.31,26.4
21-08-2024,17:37:18,Rukis,16.66,73.97,27.2
21-08-2024,18:15:44,Rukis,13.19,75.81,28.4
21-08-2024,18:37:32,Rukis,12.97,75.51,27.2
21-08-2024,18:38:29,Rukis,16.66,74.04,27.0
21-08-2024,19:13:28,Rukis,13.41,75.61,29.8
21-08-2024,19:14:25,Rukis,16.61,74.07,27.5
21-08-2024,19:49:50,Oder,14.30,65.85,24.1
22-08-2024,08:27:52,Oder,15.72,65.77,31.0
22-08-2024,08:31:55,Rukis,14.25,74.19,22.3
22-08-2024,08:33:40,Rukis,17.30,71.81,23.5
22-08-2024,09:01:07,Rukis,13.73,74.99,26.1
22-08-2024,09:02:13,Rukis,17.37,72.63,23.6
22-08-2024,09:33:20,Rukis,13.34,75.34,26.9
22-08-2024,09:36:02,Rukis,17.52,72.90,24.0
22-08-2024,10:00:48,Rukis,13.14,74.79,26.9
22-08-2024,10:01:20,Rukis,17.54,72.58,23.8
22-08-2024,10:37:28,Rukis,13.84,74.04,26.2
22-08-2024,10:42:27,Rukis,17.41,73.30,24.1
22-08-2024,11:08:34,Rukis,13.18,73.94,24.8
22-08-2024,11:09:48,Rukis,17.05,73.12,23.7
22-08-2024,11:43:17,Rukis,13.50,74.34,27.7
22-08-2024,11:44:18,Rukis,17.12,73.32,23.5
22-08-2024,12:13:05,Rukis,12.87,74.34,25.9
22-08-2024,12:14:02,Rukis,16.96,73.20,23.3
22-08-2024,12:43:04,Rukis,13.49,74.74,29.1
22-08-2024,13:19:09,Rukis,13.77,74.59,29.1
22-08-2024,13:20:12,Rukis,16.85,72.78,23.0
22-08-2024,13:54:54,Rukis,13.09,74.57,26.4
22-08-2024,13:56:07,Rukis,17.26,73.47,24.7
22-08-2024,14:39:05,Rukis,14.04,73.89,26.9
22-08-2024,14:40:18,Rukis,17.26,73.47,23.8
22-08-2024,15:09:12,Rukis,13.57,73.57,26.7
22-08-2024,15:10:04,Rukis,17.23,73.22,24.0
22-08-2024,15:39:04,Rukis,13.59,74.37,27.3
22-08-2024,15:40:01,Rukis,17.30,73.70,23.9
22-08-2024,16:15:49,Rukis,13.60,74.57,26.5
22-08-2024,16:16:44,Rukis,17.29,73.30,23.8
22-08-2024,17:14:04,Rukis,13.77,74.91,25.4
22-08-2024,17:15:02,Rukis,17.32,73.22,24.0
22-08-2024,18:00:21,Rukis,13.88,74.74,25.9
22-08-2024,18:02:02,Rukis,17.49,73.42,24.5
22-08-2024,18:12:18,Oder,15.39,65.97,30.5
22-08-2024,18:14:04,Oder,15.34,65.95,30.0
22-08-2024,18:56:49,Rukis,12.97,74.86,22.8
22-08-2024,18:58:01,Rukis,17.12,71.24,22.8
22-08-2024,19:03:15,Rukis,17.56,70.59,24.5
23-08-2024,08:26:01,Oder,14.90,66.40,26.2
23-08-2024,08:32:25,Rukis,13.94,74.09,16.7
23-08-2024,08:34:47,Rukis,18.13,74.12,21.6
23-08-2024,08:53:48,Rukis,13.62,73.92,18.5
23-08-2024,08:54:51,Rukis,17.79,74.34,23.3
23-08-2024,09:37:10,Rukis,13.47,74.59,22.0
23-08-2024,09:38:10,Rukis,17.55,74.24,23.9
23-08-2024,10:49:14,Rukis,14.01,75.61,22.9
23-08-2024,11:03:21,Rukis,17.32,73.97,23.8
23-08-2024,11:36:51,Rukis,13.35,75.66,23.6
23-08-2024,11:51:35,Oder,14.63,65.87,27.0
23-08-2024,12:48:48,Rukis,13.54,75.44,25.5
23-08-2024,12:50:30,Rukis,17.11,73.22,23.2
23-08-2024,14:27:57,Rukis,17.08,73.10,21.5
25-08-2024,10:42:38,Nisu,22.47,71.02,22.3
25-08-2024,11:14:26,Nisu,21.45,71.39,26.6
25-08-2024,11:26:38,Nisu,21.74,74.11,24.9
25-08-2024,12:32:57,Rukis,13.01,74.89,47.2
25-08-2024,13:00:10,Nisu,20.08,72.97,28.3
25-08-2024,13:12:56,Hernes,21.95,75.22,25.1
25-08-2024,14:21:14,Rukis,12.46,75.61,25.9
25-08-2024,16:10:40,Nisu,18.22,77.17,27.2
25-08-2024,16:48:52,Hernes,17.02,76.24,24.0
25-08-2024,17:50:09,Nisu,15.33,78.06,28.8
25-08-2024,17:51:25,Nisu,17.03,75.76,29.3
25-08-2024,18:23:11,Nisu,14.92,78.53,29.6
25-08-2024,18:42:17,Nisu,13.62,79.94,31.6
25-08-2024,18:52:50,Nisu,13.57,79.74,33.5
25-08-2024,19:13:57,Nisu,13.58,80.23,27.8
26-08-2024,09:07:30,Nisu,19.30,75.41,29.4
26-08-2024,09:15:40,Nisu,13.79,79.79,18.4
26-08-2024,10:13:21,Nisu,17.94,74.70,26.3
26-08-2024,10:27:24,Nisu,12.94,79.71,20.0
26-08-2024,11:42:22,Nisu,15.93,74.60,25.3
26-08-2024,11:43:59,Nisu,13.10,79.98,21.5
26-08-2024,11:57:11,Nisu,12.64,79.49,21.1
26-08-2024,12:04:45,Nisu,12.92,80.97,21.6
26-08-2024,12:18:38,Nisu,13.88,80.60,22.0
26-08-2024,12:30:24,Nisu,15.99,75.24,24.9
26-08-2024,12:44:47,Nisu,13.73,80.53,21.9
26-08-2024,13:16:09,Nisu,16.01,72.87,24.9
26-08-2024,13:17:22,Nisu,13.46,79.66,22.8
26-08-2024,13:30:35,Raps,16.56,43.14,28.7
26-08-2024,13:31:19,Raps,16.66,43.32,26.9
26-08-2024,13:56:59,Nisu,16.65,76.01,26.3
26-08-2024,13:58:25,Nisu,13.08,77.59,23.8
26-08-2024,13:58:59,Nisu,18.11,71.39,25.6
26-08-2024,14:53:03,Nisu,13.37,77.07,27.8
26-08-2024,14:54:20,Nisu,19.06,75.39,29.4
26-08-2024,15:31:25,Raps,17.58,40.82,28.7
26-08-2024,15:35:35,Nisu,18.49,76.18,29.1
26-08-2024,15:38:08,Nisu,13.50,75.76,23.5
26-08-2024,15:43:59,Nisu,23.94,40.98,25.5
26-08-2024,16:25:51,Nisu,19.91,74.25,29.8
26-08-2024,17:08:06,Nisu,13.71,77.39,22.1
26-08-2024,17:22:02,Nisu,20.26,71.39,26.7
26-08-2024,17:53:48,Raps,15.79,40.05,28.2
26-08-2024,17:57:25,Raps,15.85,40.00,25.6
26-08-2024,18:25:13,Nisu,13.48,77.29,21.4
26-08-2024,19:23:03,Nisu,14.14,80.38,23.1
26-08-2024,19:30:28,Nisu,17.03,76.48,26.8
26-08-2024,19:40:01,Raps,12.63,40.59,33.0
27-08-2024,08:33:58,Hernes,17.54,75.99,16.6
27-08-2024,08:37:25,Nisu,17.02,76.30,25.9
27-08-2024,08:39:24,Nisu,14.56,79.12,16.8
27-08-2024,08:50:40,Hernes,15.57,76.56,26.1
27-08-2024,09:05:37,Hernes,14.92,77.25,30.7
27-08-2024,09:16:54,Nisu,14.21,78.45,22.3
27-08-2024,09:20:36,Hernes,14.91,77.30,31.3
27-08-2024,09:35:44,Nisu,13.52,77.39,31.9
27-08-2024,09:52:02,Nisu,17.41,74.15,24.5
27-08-2024,09:59:43,Hernes,14.21,78.19,22.8
27-08-2024,10:08:46,Nisu,13.59,78.06,21.3
27-08-2024,10:15:57,Hernes,13.76,77.40,20.4
27-08-2024,10:31:01,Hernes,18.03,76.81,22.9
27-08-2024,10:58:00,Hernes,13.06,76.68,19.9
27-08-2024,11:00:50,Nisu,14.03,77.76,22.0
27-08-2024,11:15:03,Hernes,17.14,77.70,22.1
27-08-2024,11:29:34,Hernes,14.83,78.19,20.5
27-08-2024,11:36:07,Hernes,14.49,76.63,20.8
27-08-2024,11:40:50,Hernes,15.84,78.14,20.4
27-08-2024,11:44:18,Hernes,18.94,74.73,22.0
27-08-2024,11:46:03,Hernes,17.37,77.08,23.0
27-08-2024,11:49:11,Nisu,13.90,78.60,22.2
27-08-2024,12:07:06,Hernes,16.16,77.97,20.1
27-08-2024,12:17:19,Nisu,19.37,74.43,24.7
27-08-2024,12:23:56,Hernes,15.83,77.99,20.0
27-08-2024,12:38:23,Hernes,15.07,78.14,20.4
27-08-2024,12:50:15,Hernes,14.57,78.32,20.5
27-08-2024,12:54:10,Nisu,13.73,78.43,21.9
27-08-2024,13:00:44,Hernes,17.40,77.45,21.7
27-08-2024,13:05:50,Hernes,14.71,79.38,20.8
27-08-2024,13:10:05,Nisu,18.42,76.13,28.6
27-08-2024,13:20:07,Hernes,14.93,79.06,21.6
27-08-2024,13:26:17,Hernes,17.25,74.75,26.1
27-08-2024,13:32:06,Hernes,17.53,77.60,23.1
27-08-2024,13:34:33,Hernes,14.54,79.18,21.3
27-08-2024,13:54:16,Hernes,14.44,79.41,21.7
27-08-2024,13:58:28,Nisu,18.57,76.03,28.4
27-08-2024,13:59:59,Nisu,14.29,79.02,22.0
27-08-2024,14:06:01,Hernes,14.48,79.73,21.5
27-08-2024,14:08:31,Hernes,17.45,76.66,23.3
27-08-2024,14:32:36,Hernes,14.40,78.86,21.7
27-08-2024,14:45:07,Hernes,17.88,76.11,24.7
27-08-2024,14:49:51,Hernes,14.41,79.26,21.7
27-08-2024,14:53:27,Hernes,17.11,75.17,24.6
27-08-2024,14:57:07,Nisu,13.89,78.97,22.2
27-08-2024,15:00:30,Nisu,19.17,75.51,27.9
27-08-2024,15:11:44,Hernes,14.02,78.91,21.9
27-08-2024,15:49:10,Hernes,17.31,76.81,24.5
27-08-2024,16:22:21,Hernes,13.60,79.23,22.2
27-08-2024,16:24:41,Nisu,13.67,79.22,22.7
27-08-2024,16:31:39,Nisu,19.19,74.82,26.8
27-08-2024,17:10:44,Hernes,13.77,80.00,22.0
27-08-2024,17:37:55,Hernes,17.01,76.96,25.0
27-08-2024,17:39:58,Nisu,13.67,79.98,22.4
27-08-2024,18:10:19,Nisu,18.40,75.19,26.0
27-08-2024,18:14:28,Hernes,13.77,78.34,21.4
27-08-2024,19:04:01,Hernes,15.48,75.27,22.9
27-08-2024,19:06:10,Hernes,13.67,78.37,21.3
27-08-2024,19:08:37,Nisu,18.12,75.66,26.5
27-08-2024,19:10:31,Nisu,13.78,79.89,22.0
28-08-2024,08:47:34,Nisu,19.22,74.48,23.1
28-08-2024,08:50:17,Nisu,15.11,78.40,16.5
28-08-2024,08:59:16,Hernes,13.80,76.16,17.3
28-08-2024,09:30:03,Nisu,14.44,77.88,16.8
28-08-2024,09:40:26,Nisu,19.31,74.67,24.0
28-08-2024,09:45:43,Nisu,14.49,78.28,17.5
28-08-2024,10:04:08,Nisu,14.08,78.26,17.3
28-08-2024,10:38:05,Nisu,14.09,78.92,18.8
28-08-2024,10:56:10,Nisu,18.96,74.95,25.3
28-08-2024,11:08:59,Nisu,13.53,78.06,19.6
28-08-2024,11:39:36,Nisu,18.79,75.22,25.4
28-08-2024,12:19:35,Nisu,13.20,79.47,22.2
28-08-2024,12:32:52,Nisu,17.89,75.19,25.6
28-08-2024,12:38:35,Peas,-30.64,0.00,23.4
28-08-2024,12:39:22,Peas,13.69,78.19,20.9
28-08-2024,13:09:23,Nisu,13.43,78.97,23.7
28-08-2024,13:24:56,Nisu,17.70,75.39,25.8
28-08-2024,14:19:48,Nisu,17.66,74.57,24.3
28-08-2024,14:21:14,Nisu,13.76,78.92,23.2
28-08-2024,14:50:10,Hernes,16.96,76.53,26.9
28-08-2024,15:05:30,Oder,30.94,41.12,25.4
28-08-2024,15:13:10,Nisu,13.88,79.07,23.5
28-08-2024,15:32:42,Hernes,16.01,76.78,21.9
28-08-2024,15:44:03,Hernes,14.05,77.47,20.1
28-08-2024,15:45:56,Nisu,13.75,79.00,23.3
28-08-2024,15:51:01,Nisu,17.90,74.90,24.1
28-08-2024,16:09:48,Hernes,16.03,76.56,23.1
28-08-2024,16:12:01,Hernes,13.37,77.13,21.8
28-08-2024,17:01:57,Nisu,13.10,78.63,23.7
28-08-2024,17:06:25,Hernes,12.34,77.97,23.0
28-08-2024,17:18:07,Hernes,16.05,77.38,23.4
28-08-2024,17:21:26,Oder,30.91,39.85,24.4
28-08-2024,17:24:45,Nisu,12.94,77.61,24.6
28-08-2024,17:27:10,Nisu,17.88,74.75,24.2
28-08-2024,17:40:07,Hernes,12.23,78.37,23.5
28-08-2024,17:42:44,Hernes,15.91,76.68,23.9
28-08-2024,18:03:02,Nisu,13.22,76.67,24.2
28-08-2024,18:09:54,Nisu,11.52,79.07,24.5
28-08-2024,18:10:31,Hernes,13.37,79.01,24.6
28-08-2024,18:17:06,Hernes,15.97,76.36,24.3
28-08-2024,18:34:11,Hernes,13.00,78.09,23.7
28-08-2024,18:40:41,Nisu,13.32,77.51,23.7
28-08-2024,18:56:08,Nisu,18.16,75.24,25.4
28-08-2024,19:07:38,Hernes,13.48,78.09,22.9
28-08-2024,19:16:38,Hernes,17.58,76.16,24.4
28-08-2024,19:29:23,Nisu,13.58,76.63,23.2
28-08-2024,19:30:56,Oder,18.18,48.87,24.1
28-08-2024,19:36:24,Oder,23.79,42.08,24.4
29-08-2024,08:04:49,Hernes,17.49,76.96,21.7
29-08-2024,08:22:02,Hernes,13.78,76.86,18.1
29-08-2024,08:34:30,Nisu,13.65,77.22,19.0
29-08-2024,08:49:59,Nisu,18.00,73.07,23.6
29-08-2024,09:12:21,Nisu,13.74,77.34,20.2
29-08-2024,09:31:41,Hernes,13.13,76.26,20.0
29-08-2024,09:58:58,Hernes,17.35,75.67,21.9
29-08-2024,10:01:39,Nisu,13.30,78.18,23.3
29-08-2024,10:42:37,Nisu,16.33,76.40,20.4
29-08-2024,10:43:12,Hernes,18.15,76.31,20.8
29-08-2024,10:45:57,Hernes,13.17,77.40,21.8
29-08-2024,10:48:44,Nisu,13.58,78.65,24.2
29-08-2024,11:21:19,Hernes,13.95,77.90,22.1
29-08-2024,11:42:56,Nisu,13.84,76.75,23.4
29-08-2024,13:02:37,Hernes,17.52,75.52,24.8
29-08-2024,13:16:14,Nisu,17.89,73.93,23.2
29-08-2024,13:18:06,Nisu,13.91,77.61,26.3
29-08-2024,13:42:24,Hernes,13.95,78.09,22.6
29-08-2024,14:17:24,Nisu,13.86,77.56,24.3
29-08-2024,15:05:16,Nisu,13.53,75.79,24.0
29-08-2024,15:45:43,Hernes,14.80,78.69,23.2
29-08-2024,16:15:57,Nisu,13.85,77.07,25.8
29-08-2024,16:18:01,Hernes,13.11,77.50,23.5
29-08-2024,16:32:06,Hernes,13.52,77.08,23.5
29-08-2024,16:41:51,Nisu,13.94,76.72,24.5
29-08-2024,16:54:30,Oder,21.73,46.19,25.5
29-08-2024,16:55:17,Oder,22.10,44.21,25.3
29-08-2024,17:36:20,Hernes,16.28,76.58,24.9
29-08-2024,17:40:17,Nisu,14.02,76.21,23.6
29-08-2024,18:21:17,Nisu,13.90,76.11,23.5
29-08-2024,18:36:35,Nisu,14.73,75.91,26.0
29-08-2024,18:37:12,Hernes,16.36,75.69,25.9
30-08-2024,08:40:43,Nisu,13.73,77.17,20.2
30-08-2024,09:17:21,Nisu,13.46,71.88,20.0
30-08-2024,09:43:31,Nisu,16.74,78.18,23.8
30-08-2024,10:08:18,Hernes,14.15,78.07,38.3
30-08-2024,10:18:06,Hernes,18.19,78.74,23.8
30-08-2024,10:18:38,Nisu,16.53,78.21,23.7
30-08-2024,10:32:27,Hernes,14.32,78.69,32.1
30-08-2024,10:39:55,Hernes,14.20,78.69,28.4
30-08-2024,10:45:59,Hernes,13.70,78.84,25.7
30-08-2024,10:52:56,Hernes,13.56,78.42,24.5
30-08-2024,11:04:30,Hernes,13.60,77.77,24.1
30-08-2024,11:17:15,Hernes,13.31,77.77,24.2
30-08-2024,11:18:55,Hernes,16.39,76.21,25.8
30-08-2024,11:41:14,Hernes,13.26,78.17,24.0
30-08-2024,12:04:27,Hernes,13.22,77.87,24.7
30-08-2024,12:08:02,Nisu,15.07,78.21,31.4
30-08-2024,12:31:39,Nisu,14.19,78.92,34.3
30-08-2024,12:37:33,Hernes,14.25,77.97,25.6
30-08-2024,12:43:36,Hernes,16.89,75.77,23.7
30-08-2024,12:49:13,Hernes,14.36,77.45,25.8
30-08-2024,13:05:56,Hernes,14.14,78.37,25.7
30-08-2024,13:12:56,Nisu,14.29,79.34,27.7
30-08-2024,13:24:48,Hernes,13.40,78.66,25.8
30-08-2024,13:35:24,Nisu,14.62,79.02,26.3
30-08-2024,14:06:22,Nisu,12.08,78.70,27.0
30-08-2024,14:07:09,Hernes,13.94,78.59,26.8
30-08-2024,14:36:28,Hernes,14.46,77.80,26.7
30-08-2024,14:52:38,Hernes,14.43,78.56,26.9
30-08-2024,15:27:51,Hernes,14.27,78.19,26.8
30-08-2024,15:32:02,Nisu,13.74,78.85,32.7
30-08-2024,15:46:36,Hernes,14.31,78.04,27.6
30-08-2024,15:54:07,Oder,22.81,48.27,29.2
30-08-2024,16:21:17,Hernes,14.06,78.89,27.8
30-08-2024,16:50:47,Hernes,13.23,78.96,28.3
31-08-2024,15:30:46,Oder,15.68,46.89,27.2
02-09-2024,10:08:12,Hernes,12.59,77.20,18.4
