Date,Time,Grain,Moisture,Temperature,Nature
09-08-2024,02:50:55,Nisu,15.459,31.733,0.78107
09-08-2024,02:52:17,Nisu,14.855,19.077,0.78551
09-08-2024,02:53:33,Nisu,14.878,19.111,0.78947
09-08-2024,02:55:18,Nisu,15.345,17.35,0.78329
09-08-2024,03:19:55,Nisu,14.701,17.497,0.78453
09-08-2024,03:20:59,Nisu,14.67,18.05,0.787
09-08-2024,03:23:10,Nisu,14.167,17.993,0.78798
09-08-2024,03:43:14,Nisu,13.331,18.332,0.78502
09-08-2024,04:01:23,Nisu,12.756,19.348,0.78848
09-08-2024,04:10:09,Nisu,15.97,21.719,0.79292
09-08-2024,04:12:07,Nisu,15.914,21.821,0.79194
09-08-2024,04:24:13,Nisu,12.732,19.179,0.78848
09-08-2024,04:33:13,Nisu,12.754,19.856,0.78947
09-08-2024,04:46:09,Nisu,12.747,20.33,0.78848
09-08-2024,04:54:25,Nisu,15.892,19.924,0.79218
09-08-2024,04:58:48,Nisu,12.729,21.132,0.79045
09-08-2024,05:11:55,Nisu,12.574,21.945,0.79194
09-08-2024,05:23:17,Nisu,12.41,23.051,0.79712
09-08-2024,05:33:52,Nisu,12.461,23.74,0.7907
09-08-2024,05:54:23,Nisu,12.77,25.445,0.79317
09-08-2024,05:55:46,Nisu,15.755,21.708,0.79243
09-08-2024,06:06:08,Nisu,12.842,25.23,0.79391
09-08-2024,06:20:27,Nisu,12.938,25.298,0.79194
09-08-2024,06:32:20,Nisu,12.864,25.716,0.79416
09-08-2024,06:47:06,Nisu,12.983,27.364,0.79119
09-08-2024,07:05:05,Nisu,13.071,27.816,0.79465
09-08-2024,07:05:25,Nisu,13.016,27.285,0.79366
09-08-2024,07:07:16,Nisu,13.025,27.037,0.79515
09-08-2024,07:11:12,Nisu,12.987,26.653,0.79292
09-08-2024,07:21:50,Nisu,12.58,25.23,0.79243
09-08-2024,07:24:42,Nisu,15.894,20.59,0.78996
09-08-2024,07:46:31,Nisu,13.359,27.33,0.7949
09-08-2024,07:48:45,Nisu,15.755,21.448,0.79589
09-08-2024,08:14:59,Nisu,13.488,27.172,0.79515
09-08-2024,08:24:31,Nisu,15.833,22.295,0.7828
09-08-2024,08:54:40,Nisu,13.528,28.572,0.79045
09-08-2024,09:04:43,Nisu,16.846,24.869,0.75834
09-08-2024,09:18:19,Nisu,15.926,20.5,0.79144
09-08-2024,09:20:54,Nisu,13.544,30.65,0.79342
09-08-2024,09:44:54,Nisu,17.278,27.522,0.77094
09-08-2024,09:45:39,Nisu,13.587,29.227,0.7949
09-08-2024,09:47:21,Nisu,16.08,23.345,0.78206
09-08-2024,10:13:00,Nisu,13.684,30.446,0.79564
09-08-2024,10:14:15,Nisu,16.01,23.006,0.787
09-08-2024,10:36:29,Nisu,13.674,29.069,0.78996
09-08-2024,10:38:05,Nisu,16.056,22.679,0.78601
09-08-2024,11:05:17,Nisu,13.728,28.008,0.79194
09-08-2024,11:06:10,Nisu,16.065,22.645,0.78033
09-08-2024,11:35:25,Nisu,13.657,30.029,0.79317
09-08-2024,11:36:01,Nisu,13.554,29.374,0.79194
09-08-2024,11:36:38,Nisu,15.809,21.843,0.78798
09-08-2024,12:16:34,Nisu,13.06,28.053,0.79268
09-08-2024,12:18:40,Nisu,15.832,21.064,0.7823
09-08-2024,12:36:44,Nisu,16.781,28.233,0.74303
09-08-2024,12:59:53,Nisu,13.433,30.243,0.79342
09-08-2024,12:59:58,Nisu,13.435,30.333,0.79194
09-08-2024,13:21:59,Nisu,17.234,28.312,0.78502
09-08-2024,13:40:03,Nisu,13.703,29.938,0.79045
09-08-2024,13:40:49,Nisu,16.683,28.38,0.78527
09-08-2024,14:01:02,Nisu,13.849,29.385,0.79564
09-08-2024,14:10:52,Nisu,17.04,28.369,0.78304
09-08-2024,14:26:05,Nisu,14.232,28.854,0.79836
09-08-2024,14:40:20,Nisu,15.197,29.701,0.78107
09-08-2024,15:00:25,Nisu,13.519,26.788,0.80132
09-08-2024,15:00:28,Nisu,13.524,27.048,0.8028
09-08-2024,15:03:13,Nisu,16.221,28.617,0.79045
09-08-2024,15:31:27,Nisu,13.318,30.796,0.79984
09-08-2024,15:32:45,Nisu,16.288,28.572,0.77835
09-08-2024,16:00:41,Nisu,15.932,28.335,0.78996
09-08-2024,16:30:51,Nisu,13.601,30.909,0.79737
09-08-2024,16:31:29,Nisu,16.954,27.883,0.76402
09-08-2024,16:55:16,Nisu,13.589,31.677,0.79688
09-08-2024,17:11:04,Nisu,16.563,28.437,0.78477
09-08-2024,17:31:16,Nisu,13.826,29.464,0.79416
09-08-2024,17:33:28,Nisu,15.12,30.604,0.7907
09-08-2024,18:01:56,Nisu,13.531,27.782,0.79465
09-08-2024,18:02:48,Nisu,15.338,29.125,0.78502
09-08-2024,18:32:10,Nisu,13.747,29.317,0.78774
09-08-2024,18:33:36,Nisu,14.768,28.143,0.79589
09-08-2024,19:04:04,Nisu,13.332,29.419,0.79836
09-08-2024,19:06:36,Nisu,15.127,28.143,0.79169
09-08-2024,19:31:01,Nisu,13.525,28.425,0.79935
09-08-2024,19:31:45,Nisu,14.801,25.761,0.79169
09-08-2024,19:49:29,Nisu,13.404,28.087,0.80108
09-08-2024,20:10:30,Nisu,15.471,27.635,0.79194
09-08-2024,20:13:24,Nisu,13.361,28.008,0.79885
09-08-2024,20:32:43,Nisu,16.072,28.301,0.79119
09-08-2024,20:35:32,Nisu,13.398,27.646,0.8033
09-08-2024,20:47:50,Nisu,13.419,28.087,0.80033
09-08-2024,21:18:12,Nisu,13.508,28.606,0.80206
09-08-2024,21:19:37,Nisu,16.357,28.561,0.78996
09-08-2024,21:41:36,Nisu,13.797,28.121,0.8033
09-08-2024,21:51:17,Nisu,16.31,28.222,0.78798
09-08-2024,21:58:40,Nisu,13.782,26.822,0.80206
09-08-2024,22:12:29,Nisu,14.09,26.89,0.80108
09-08-2024,22:16:45,Nisu,16.011,28.053,0.7786
09-08-2024,22:27:47,Nisu,13.922,27.906,0.80058
09-08-2024,22:37:12,Nisu,13.832,26.721,0.80231
09-08-2024,22:48:45,Nisu,15.315,27.556,0.78749
09-08-2024,22:51:59,Nisu,13.727,26.89,0.80206
09-08-2024,23:12:20,Nisu,13.92,27.996,0.79663
09-08-2024,23:35:26,Nisu,13.63,26.1,0.79836
09-08-2024,23:55:33,Nisu,15.718,27.172,0.7823
09-08-2024,23:56:13,Nisu,13.487,28.154,0.80009
10-08-2024,00:16:50,Nisu,13.505,27.94,0.79811
10-08-2024,00:40:03,Nisu,13.59,27.872,0.79885
10-08-2024,00:57:32,Nisu,14.987,24.767,0.79194
10-08-2024,00:58:17,Nisu,13.629,26.337,0.80009
10-08-2024,01:17:45,Nisu,13.513,26.111,0.8028
10-08-2024,01:19:09,Nisu,15.111,25.354,0.7949
10-08-2024,01:20:35,Nisu,17.935,25.422,0.76402
10-08-2024,01:22:17,Nisu,17.126,25.027,0.77613
10-08-2024,01:38:21,Nisu,13.331,27.488,0.80058
10-08-2024,01:57:03,Nisu,13.445,26.856,0.79786
10-08-2024,02:15:51,Nisu,13.56,26.111,0.79786
10-08-2024,02:19:04,Nisu,15.33,25.863,0.79119
10-08-2024,02:34:49,Nisu,13.427,27.951,0.80009
10-08-2024,03:02:28,Nisu,13.342,28.132,0.80157
10-08-2024,03:21:22,Nisu,13.332,27.454,0.79984
10-08-2024,03:23:27,Nisu,14.998,22.024,0.79959
10-08-2024,03:56:23,Nisu,13.325,28.392,0.80206
10-08-2024,03:58:52,Nisu,15.144,21.742,0.79984
10-08-2024,04:31:10,Nisu,13.397,22.543,0.79885
10-08-2024,04:53:39,Nisu,13.268,25.467,0.80305
10-08-2024,05:21:18,Nisu,13.466,29.521,0.80429
10-08-2024,05:22:45,Nisu,15.504,21.618,0.79416
10-08-2024,05:34:46,Nisu,13.351,28.166,0.80256
10-08-2024,05:57:39,Nisu,13.538,28.154,0.80527
10-08-2024,06:23:43,Nisu,13.814,29.475,0.80206
10-08-2024,06:42:36,Nisu,13.744,28.019,0.80231
10-08-2024,06:46:05,Nisu,15.231,21.561,0.79935
10-08-2024,06:59:41,Nisu,13.559,28.132,0.80503
10-08-2024,07:22:23,Nisu,14.598,19.958,0.74204
10-08-2024,07:23:15,Nisu,14.5,20.827,0.77539
10-08-2024,07:23:56,Nisu,14.466,20.861,0.7744
10-08-2024,07:48:48,Nisu,15.13,22.114,0.79885
10-08-2024,08:10:53,Nisu,17.158,26.754,0.77563
10-08-2024,08:18:57,Nisu,15.136,22.047,0.79712
10-08-2024,08:49:05,Nisu,13.107,27.037,0.79935
10-08-2024,08:49:22,Nisu,14.974,22.272,0.79539
10-08-2024,09:19:44,Nisu,13.819,29.283,0.80058
10-08-2024,09:21:33,Nisu,15.078,22.69,0.79786
10-08-2024,09:55:23,Nisu,13.642,29.487,0.80206
10-08-2024,09:56:10,Nisu,14.989,22.792,0.79416
10-08-2024,10:29:36,Nisu,13.701,29.001,0.80478
10-08-2024,10:58:19,Nisu,13.626,29.182,0.8028
10-08-2024,10:59:43,Nisu,15.052,23.435,0.79292
10-08-2024,11:37:16,Nisu,13.582,28.696,0.79811
10-08-2024,11:39:30,Nisu,14.953,23.39,0.79614
10-08-2024,12:47:23,Nisu,15.059,24.101,0.79045
10-08-2024,13:27:34,Nisu,15.133,24.429,0.79119
10-08-2024,14:00:30,Nisu,13.034,27.477,0.79885
10-08-2024,14:02:10,Nisu,15.062,24.542,0.79589
10-08-2024,14:29:43,Nisu,13.768,29.972,0.80182
10-08-2024,14:30:59,Nisu,15.334,25.174,0.79342
10-08-2024,15:15:17,Nisu,13.661,29.396,0.8033
10-08-2024,15:29:01,Nisu,15.327,24.463,0.79366
10-08-2024,15:55:22,Nisu,13.457,27.827,0.79984
10-08-2024,15:55:50,Nisu,15.763,25.422,0.78502
10-08-2024,16:32:38,Nisu,14.026,26.642,0.79811
10-08-2024,16:38:26,Nisu,16.123,25.671,0.78206
10-08-2024,17:18:38,Nisu,16.453,25.704,0.77884
10-08-2024,18:12:54,Nisu,13.386,25.592,0.80206
10-08-2024,18:18:56,Nisu,16.427,25.896,0.78477
10-08-2024,18:31:27,Nisu,16.994,28.832,0.77884
10-08-2024,18:32:24,Nisu,18.894,21.798,0.75118
10-08-2024,18:49:27,Nisu,13.861,26.642,0.79638
10-08-2024,18:50:47,Nisu,16.469,25.863,0.7739
10-08-2024,19:28:26,Nisu,13.674,23.717,0.79589
10-08-2024,19:41:40,Nisu,16.263,24.7,0.78428
10-08-2024,20:10:01,Nisu,13.494,22.667,0.79515
10-08-2024,22:24:27,Nisu,13.624,18.31,0.7865
10-08-2024,22:46:40,Nisu,15.583,28.617,0.79663
10-08-2024,22:48:38,Nisu,13.667,18.005,0.78527
10-08-2024,22:52:16,Nisu,15.619,28.708,0.79342
10-08-2024,23:09:44,Nisu,15.578,28.809,0.79688
10-08-2024,23:10:28,Nisu,13.251,18.355,0.79317
10-08-2024,23:11:00,Nisu,13.207,18.795,0.79712
10-08-2024,23:14:31,Nisu,15.619,28.967,0.79243
10-08-2024,23:29:55,Nisu,15.47,28.053,0.79712
10-08-2024,23:32:51,Nisu,12.56,25.061,0.79564
10-08-2024,23:50:37,Nisu,12.711,27.771,0.79243
10-08-2024,23:52:26,Nisu,15.628,28.29,0.79885
11-08-2024,00:28:23,Nisu,13.285,23.921,0.79712
11-08-2024,07:24:35,Nisu,15.459,28.075,0.79119
11-08-2024,07:47:59,Nisu,13.055,21.301,0.80157
11-08-2024,08:15:13,Nisu,16.466,28.279,0.78477
11-08-2024,08:32:54,Nisu,15.834,28.527,0.78601
11-08-2024,08:44:42,Nisu,12.968,24.756,0.80552
11-08-2024,09:01:50,Nisu,15.625,27.579,0.79243
11-08-2024,09:33:21,Nisu,20.672,20.737,0.7455
11-08-2024,09:42:28,Nisu,13.117,24.44,0.79786
11-08-2024,10:32:42,Nisu,20.827,20.353,0.74327
11-08-2024,10:52:18,Nisu,12.79,21.64,0.79836
11-08-2024,10:59:51,Nisu,13.135,19.303,0.78527
11-08-2024,11:04:45,Nisu,13.424,22.374,0.79391
11-08-2024,11:55:33,Nisu,20.045,20.432,0.74624
11-08-2024,12:46:34,Nisu,12.585,19.766,0.78798
11-08-2024,12:54:52,Nisu,13.575,23.255,0.80923
11-08-2024,13:28:31,Nisu,12.915,19.992,0.78996
11-08-2024,13:31:31,Nisu,20.856,20.251,0.7366
11-08-2024,17:01:34,Nisu,12.924,20.376,0.78848
11-08-2024,17:24:20,Nisu,21.085,20.455,0.73685
11-08-2024,17:56:49,Nisu,12.32,19.201,0.78798
11-08-2024,18:34:28,Nisu,16.072,28.392,0.7865
11-08-2024,18:45:02,Nisu,12.843,19.066,0.78601
11-08-2024,19:07:34,Nisu,13.191,19.032,0.78971
11-08-2024,19:09:42,Nisu,13.281,19.382,0.79194
11-08-2024,19:12:58,Nisu,20.865,20.229,0.73883
11-08-2024,19:38:30,Nisu,13.656,18.682,0.79119
11-08-2024,20:01:12,Nisu,13.642,18.795,0.78823
11-08-2024,20:23:43,Nisu,13.693,18.784,0.78749
11-08-2024,20:25:01,Nisu,13.765,19.055,0.79095
11-08-2024,20:46:54,Nisu,13.794,18.569,0.78774
11-08-2024,21:09:54,Nisu,21.025,20.093,0.73339
11-08-2024,21:10:43,Nisu,13.527,18.174,0.78749
11-08-2024,21:32:56,Nisu,13.487,17.948,0.787
11-08-2024,22:01:58,Nisu,13.814,18.061,0.78551
11-08-2024,22:05:23,Nisu,21.11,19.71,0.71882
11-08-2024,22:34:02,Nisu,13.899,17.971,0.7865
11-08-2024,22:59:15,Nisu,13.6,18.716,0.78798
12-08-2024,07:30:10,Nisu,13.458,22.984,0.80305
12-08-2024,07:46:04,Nisu,15.527,28.312,0.79342
12-08-2024,08:29:58,Nisu,13.367,20.443,0.79737
12-08-2024,10:40:34,Nisu,13.125,43.249,0.78971
12-08-2024,13:05:58,Nisu,13.759,25.253,0.77983
12-08-2024,14:57:56,Nisu,15.355,17.937,0.77168
12-08-2024,15:01:53,Nisu,14.289,18.118,0.78057
12-08-2024,15:08:30,Nisu,14.461,17.926,0.77514
12-08-2024,15:41:56,Nisu,13.369,18.343,0.78378
12-08-2024,16:06:52,Nisu,13.252,17.903,0.78477
12-08-2024,16:27:42,Nisu,13.065,17.982,0.7865
12-08-2024,17:37:17,Nisu,14.973,29.171,0.79391
12-08-2024,17:50:10,Nisu,15.625,28.335,0.79292
12-08-2024,19:04:41,Nisu,15.419,20.443,0.77786
12-08-2024,23:02:45,Nisu,15.158,29.871,0.79614
12-08-2024,23:06:33,Nisu,15.206,29.182,0.79218
13-08-2024,06:18:38,Nisu,14.471,26.98,0.80256
13-08-2024,13:53:39,Raps,21.421,24.271,0.61138
13-08-2024,16:49:41,Raps,13.865,24.767,0.63786
13-08-2024,17:50:46,Oder,14.065,21.572,0.64218
13-08-2024,18:40:47,Raps,14.485,25.671,0.64009
13-08-2024,19:31:02,Raps,16.725,23.796,0.65742
13-08-2024,19:52:12,Raps,14.599,28.324,0.6537
13-08-2024,20:15:14,Raps,12.86,31.519,0.65568
13-08-2024,20:42:17,Raps,11.151,34.94,0.65791
13-08-2024,21:02:23,Raps,9.566,39.264,0.65965
13-08-2024,21:32:32,Raps,8.809,31.699,0.65667
13-08-2024,21:52:37,Raps,8.593,24.067,0.66088
13-08-2024,22:12:42,Raps,8.53,24.711,0.65593
13-08-2024,22:52:54,Raps,9.119,23.108,0.66608
13-08-2024,23:17:43,Raps,14.293,22.047,0.63613
13-08-2024,23:18:26,Raps,9.889,21.482,0.66311
13-08-2024,23:24:33,Raps,9.114,22.137,0.66336
13-08-2024,23:39:44,Raps,10.175,20.951,0.66583
13-08-2024,23:49:46,Raps,14.444,22.272,0.62549
13-08-2024,23:53:21,Raps,8.27,20.703,0.65989
14-08-2024,00:09:51,Raps,9.976,19.156,0.66138
14-08-2024,00:21:10,Raps,10.839,18.772,0.65766
14-08-2024,00:39:58,Raps,10.496,18.287,0.65667
14-08-2024,01:02:10,Raps,10.703,17.869,0.65469
14-08-2024,01:23:24,Raps,10.361,18.276,0.65445
14-08-2024,01:40:14,Raps,8.775,20.929,0.66088
14-08-2024,01:43:17,Raps,8.154,23.379,0.66262
14-08-2024,01:50:17,Raps,15.967,24.948,0.65296
14-08-2024,02:01:24,Raps,7.577,27.308,0.66311
14-08-2024,02:24:22,Raps,17.43,24.53,0.64059
14-08-2024,02:24:55,Raps,8.175,23.311,0.66039
14-08-2024,03:00:36,Raps,16.979,24.632,0.64925
14-08-2024,03:29:54,Raps,7.245,20.613,0.66064
14-08-2024,03:34:21,Raps,16.703,24.892,0.63167
14-08-2024,03:54:14,Raps,7.108,20.579,0.65866
14-08-2024,04:12:30,Raps,16.301,24.237,0.60668
14-08-2024,04:24:13,Raps,7.215,20.816,0.65816
14-08-2024,04:51:06,Raps,14.086,23.921,0.63811
14-08-2024,04:52:36,Raps,7.458,20.556,0.65816
14-08-2024,05:21:11,Raps,8.219,20.635,0.65841
14-08-2024,05:22:54,Raps,14.161,24.846,0.64034
14-08-2024,05:51:21,Raps,8.344,20.635,0.65692
14-08-2024,05:55:26,Raps,13.918,25.129,0.63663
14-08-2024,06:19:10,Raps,8.799,21.29,0.65544
14-08-2024,06:31:32,Raps,13.438,24.869,0.6188
14-08-2024,06:51:37,Raps,8.768,20.759,0.65222
14-08-2024,11:31:06,Raps,22.423,25.75,0.57821
14-08-2024,12:14:16,Raps,7.346,23.085,0.64504
14-08-2024,12:29:55,Raps,20.992,25.772,0.63167
14-08-2024,12:42:54,Raps,7.502,22.803,0.64529
14-08-2024,13:16:40,Raps,7.342,23.796,0.64356
14-08-2024,13:33:21,Nisu,20.313,27.827,0.73537
14-08-2024,13:37:00,Raps,6.604,24.485,0.65346
14-08-2024,13:40:35,Raps,21.586,26.303,0.61484
14-08-2024,13:47:27,Nisu,19.613,26.777,0.74574
14-08-2024,14:11:29,Raps,6.139,26.574,0.64999
14-08-2024,15:05:32,Raps,6.544,26.359,0.6443
14-08-2024,15:58:29,Nisu,17.626,28.809,0.76205
14-08-2024,17:53:21,Raps,12.354,22.024,0.62301
14-08-2024,18:11:38,Raps,12.76,27.116,0.62029
14-08-2024,19:14:18,Raps,6.883,37.153,0.6339
14-08-2024,19:36:16,Raps,7.196,42.098,0.63737
14-08-2024,20:19:17,Raps,5.584,28.741,0.63984
14-08-2024,20:41:20,Raps,5.61,25.422,0.63539
14-08-2024,20:58:28,Raps,5.933,23.232,0.63267
14-08-2024,22:56:33,Nisu,19.821,27.917,0.75044
14-08-2024,23:19:50,Nisu,18.763,28.595,0.76032
14-08-2024,23:35:13,Nisu,18.652,28.324,0.76476
14-08-2024,23:51:16,Nisu,18.281,28.312,0.76476
15-08-2024,00:07:38,Nisu,18.075,28.414,0.76748
15-08-2024,00:24:52,Nisu,18.791,28.448,0.76205
15-08-2024,00:40:04,Nisu,18.254,28.425,0.76476
15-08-2024,01:16:09,Nisu,18.825,29.611,0.75933
15-08-2024,01:45:37,Nisu,17.342,30.616,0.77662
15-08-2024,02:15:58,Nisu,15.574,37.344,0.78057
15-08-2024,02:35:58,Nisu,14.952,39.365,0.78576
15-08-2024,02:55:58,Nisu,13.718,43.802,0.78971
15-08-2024,03:13:42,Nisu,12.914,40.269,0.79515
15-08-2024,03:21:43,Nisu,13.248,31.214,0.78947
15-08-2024,03:41:43,Nisu,13.222,21.437,0.79194
15-08-2024,04:11:51,Nisu,12.928,16.706,0.78922
15-08-2024,04:21:55,Nisu,18.658,27.895,0.76106
15-08-2024,04:42:01,Nisu,13.792,18.671,0.79342
15-08-2024,05:06:25,Nisu,18.562,27.917,0.7618
15-08-2024,05:12:09,Nisu,13.534,17.722,0.79095
15-08-2024,05:32:35,Nisu,13.451,19.89,0.79268
15-08-2024,05:36:24,Nisu,18.385,27.263,0.7618
15-08-2024,05:56:04,Nisu,13.227,19.743,0.79465
15-08-2024,06:26:13,Nisu,13.452,19.597,0.78971
15-08-2024,06:44:27,Nisu,12.983,18.31,0.78576
15-08-2024,07:20:30,Nisu,12.798,19.213,0.78798
15-08-2024,07:56:40,Nisu,19.568,27.048,0.74352
15-08-2024,08:26:49,Nisu,19.605,25.558,0.72573
15-08-2024,08:46:55,Nisu,12.44,22.34,0.78897
15-08-2024,08:47:46,Nisu,17.37,27.353,0.76205
15-08-2024,09:54:40,Nisu,13.011,21.629,0.80033
15-08-2024,10:00:44,Nisu,12.775,22.363,0.78601
15-08-2024,10:03:15,Nisu,17.283,26.89,0.7702
15-08-2024,10:44:26,Nisu,14.045,24.734,0.79021
15-08-2024,11:03:57,Nisu,17.345,27.432,0.77217
15-08-2024,11:45:42,Nisu,13.657,25.829,0.79021
15-08-2024,11:46:30,Nisu,17.281,25.998,0.76303
15-08-2024,12:20:52,Nisu,12.634,26.1,0.78749
15-08-2024,12:42:00,Nisu,17.131,27.906,0.76427
15-08-2024,12:43:59,Nisu,13.314,27.962,0.78724
15-08-2024,13:32:00,Nisu,13.459,28.561,0.7823
15-08-2024,13:42:04,Nisu,17.309,27.567,0.77119
15-08-2024,13:43:38,Nisu,12.742,27.24,0.78181
15-08-2024,14:31:20,Nisu,17.131,27.387,0.7697
15-08-2024,15:14:37,Nisu,13.221,28.651,0.78675
15-08-2024,15:45:23,Nisu,13.982,29.916,0.78774
15-08-2024,16:36:48,Nisu,13.11,28.177,0.7865
15-08-2024,16:37:49,Nisu,17.12,28.211,0.76476
15-08-2024,17:03:50,Nisu,13.46,29.351,0.79021
15-08-2024,17:44:24,Nisu,13.898,29.735,0.78872
15-08-2024,17:49:27,Nisu,17.381,26.664,0.75933
15-08-2024,18:25:51,Nisu,13.237,27.003,0.7865
15-08-2024,19:10:55,Nisu,16.623,27.962,0.77539
15-08-2024,19:11:41,Nisu,13.87,29.204,0.78848
15-08-2024,19:56:18,Nisu,14.303,27.838,0.78378
15-08-2024,20:10:07,Nisu,16.839,28.504,0.7739
15-08-2024,20:10:32,Nisu,14.371,27.771,0.78527
15-08-2024,20:37:32,Nisu,15.757,29.735,0.78329
15-08-2024,20:38:00,Nisu,14.031,24.688,0.78428
15-08-2024,21:08:29,Nisu,14.061,26.563,0.78527
15-08-2024,21:30:07,Nisu,13.872,26.563,0.78798
15-08-2024,21:52:44,Nisu,15.922,29.069,0.77934
15-08-2024,21:53:14,Nisu,13.079,24.056,0.78724
15-08-2024,22:23:18,Nisu,15.187,29.509,0.78329
15-08-2024,22:23:39,Nisu,12.788,24.756,0.78947
15-08-2024,22:59:07,Nisu,13.254,29.058,0.79144
15-08-2024,23:23:31,Nisu,13.384,27.364,0.79268
15-08-2024,23:49:16,Nisu,17.506,22.905,0.75266
15-08-2024,23:59:19,Nisu,12.837,24.846,0.7907
16-08-2024,00:29:28,Nisu,13.198,27.466,0.79292
16-08-2024,00:59:35,Nisu,13.096,24.226,0.79119
16-08-2024,01:29:44,Nisu,18.136,25.05,0.75711
16-08-2024,01:59:55,Nisu,13.49,20.839,0.78131
16-08-2024,02:27:35,Nisu,13.439,20.274,0.77539
16-08-2024,02:36:04,Nisu,17.482,23.469,0.75933
16-08-2024,02:57:45,Nisu,13.377,20.33,0.77069
16-08-2024,02:58:58,Nisu,13.255,20.726,0.76872
16-08-2024,03:10:19,Nisu,17.725,24.034,0.75365
16-08-2024,03:27:00,Nisu,18.119,25.219,0.7534
16-08-2024,03:27:23,Nisu,12.975,20.082,0.77119
16-08-2024,03:56:42,Nisu,17.691,23.266,0.75711
16-08-2024,03:58:10,Nisu,13.108,19.743,0.77267
16-08-2024,04:30:01,Nisu,13.242,20.522,0.77489
16-08-2024,05:00:20,Nisu,12.978,21.606,0.77341
16-08-2024,05:03:25,Nisu,18.196,25.354,0.7576
16-08-2024,05:30:01,Nisu,13.295,22.148,0.7697
16-08-2024,05:59:37,Nisu,18.235,25.129,0.74846
16-08-2024,05:59:59,Nisu,13.267,21.776,0.77119
16-08-2024,06:23:34,Nisu,17.87,24.417,0.74747
16-08-2024,06:24:07,Nisu,13.051,21.764,0.77761
16-08-2024,06:50:13,Nisu,13.509,22.588,0.77514
16-08-2024,07:20:12,Nisu,13.688,23.785,0.7739
16-08-2024,07:30:02,Nisu,15.092,26.924,0.78033
16-08-2024,08:00:42,Nisu,14.152,24.7,0.77119
16-08-2024,08:02:10,Nisu,15.071,26.427,0.77613
16-08-2024,08:30:02,Nisu,13.005,21.742,0.79638
16-08-2024,08:38:10,Nisu,14.101,25.129,0.77415
16-08-2024,08:40:10,Nisu,14.92,26.359,0.75414
16-08-2024,09:00:02,Nisu,13.078,21.809,0.79836
16-08-2024,09:05:55,Nisu,13.201,25.84,0.77193
16-08-2024,09:08:07,Nisu,15.301,27.59,0.77168
16-08-2024,09:40:16,Nisu,12.731,30.785,0.78008
16-08-2024,09:41:06,Nisu,15.269,26.314,0.76995
16-08-2024,10:10:09,Nisu,14.883,27.432,0.78206
16-08-2024,10:22:42,Nisu,13.167,23.401,0.78823
16-08-2024,10:40:12,Nisu,13.263,30.198,0.78551
16-08-2024,10:41:04,Nisu,15.026,28.821,0.77909
16-08-2024,11:20:12,Nisu,14.961,26.913,0.77193
16-08-2024,11:23:14,Nisu,13.023,24.146,0.78206
16-08-2024,11:50:17,Nisu,13.023,23.198,0.78971
16-08-2024,11:52:36,Nisu,13.479,29.667,0.79342
16-08-2024,11:53:44,Nisu,15.309,28.03,0.77662
16-08-2024,14:16:36,Hernes,18.288,24.937,0.76856
16-08-2024,15:10:09,Nisu,13.627,23.943,0.78872
16-08-2024,15:20:12,Nisu,15.832,27.838,0.77094
16-08-2024,15:44:45,Nisu,13.321,28.346,0.78897
16-08-2024,15:50:12,Nisu,15.645,27.658,0.75464
16-08-2024,16:24:03,Nisu,13.062,29.848,0.79021
16-08-2024,16:25:06,Nisu,15.053,27.398,0.77489
16-08-2024,17:00:02,Nisu,13.591,30.017,0.78477
16-08-2024,17:20:55,Nisu,14.883,26.134,0.7539
16-08-2024,17:40:09,Nisu,13.556,30.379,0.78255
16-08-2024,17:40:17,Nisu,14.922,26.675,0.77934
16-08-2024,18:30:02,Nisu,15.751,25.863,0.76896
16-08-2024,19:11:36,Nisu,15.227,26.743,0.77786
16-08-2024,19:12:07,Nisu,14.125,28.425,0.78576
16-08-2024,19:45:43,Nisu,13.948,27.33,0.78304
16-08-2024,20:20:11,Hernes,18.399,23.785,0.74207
16-08-2024,20:20:18,Nisu,15.63,26.371,0.77267
16-08-2024,20:20:46,Nisu,13.699,30.785,0.78601
16-08-2024,21:00:01,Nisu,13.99,29.69,0.78477
16-08-2024,21:20:35,Nisu,13.969,28.279,0.7865
16-08-2024,21:20:59,Nisu,16.306,26.517,0.77069
16-08-2024,21:50:13,Nisu,13.76,25.716,0.78378
16-08-2024,22:13:52,Nisu,16.06,27.014,0.77366
16-08-2024,22:14:44,Nisu,13.902,27.398,0.78428
16-08-2024,22:43:24,Nisu,15.222,26.608,0.77711
16-08-2024,22:43:55,Nisu,13.785,26.619,0.78057
16-08-2024,23:13:26,Nisu,14.872,26.732,0.77613
16-08-2024,23:13:57,Nisu,13.911,26.675,0.78329
16-08-2024,23:42:54,Nisu,15.561,26.54,0.77341
16-08-2024,23:43:29,Nisu,13.555,25.625,0.77983
17-08-2024,00:12:49,Nisu,14.942,26.19,0.77045
17-08-2024,00:13:16,Nisu,13.732,27.195,0.7823
17-08-2024,00:50:07,Nisu,15.857,25.49,0.77292
17-08-2024,00:50:19,Nisu,13.045,27.917,0.78378
17-08-2024,01:20:11,Nisu,13.405,23.232,0.77292
17-08-2024,01:50:11,Nisu,13.337,24.767,0.77884
17-08-2024,01:50:26,Nisu,16.557,25.93,0.77341
17-08-2024,02:20:10,Nisu,13.301,25.908,0.77736
17-08-2024,02:30:01,Nisu,16.609,26.404,0.7739
17-08-2024,02:50:12,Nisu,16.697,26.529,0.77514
17-08-2024,03:14:25,Nisu,13.29,24.248,0.77662
17-08-2024,03:20:13,Nisu,16.419,26.472,0.77489
17-08-2024,03:42:51,Nisu,16.645,25.953,0.76946
17-08-2024,03:43:31,Nisu,13.621,25.975,0.78527
17-08-2024,04:20:12,Nisu,16.528,26.246,0.77514
17-08-2024,04:50:13,Nisu,17.369,26.529,0.76476
17-08-2024,05:14:45,Nisu,14.169,23.988,0.78675
17-08-2024,05:20:47,Nisu,17.293,26.393,0.76798
17-08-2024,05:41:18,Nisu,14.111,23.684,0.78378
17-08-2024,06:14:14,Nisu,13.761,23.413,0.78255
17-08-2024,06:23:23,Nisu,17.565,25.93,0.75118
17-08-2024,06:42:41,Nisu,13.561,23.796,0.7828
17-08-2024,06:43:34,Nisu,17.938,26.19,0.75587
17-08-2024,07:50:13,Nisu,13.914,24.417,0.7828
17-08-2024,08:21:23,Nisu,14.276,24.203,0.77711
17-08-2024,10:21:35,Nisu,15.129,23.661,0.78378
17-08-2024,10:34:33,Nisu,14.436,23.209,0.78576
17-08-2024,10:50:11,Nisu,14.901,23.367,0.78601
17-08-2024,11:01:20,Nisu,14.192,22.803,0.78428
17-08-2024,11:34:07,Hernes,16.587,21.967,0.7438
17-08-2024,12:14:20,Hernes,15.57,27.771,0.78192
17-08-2024,12:22:36,Nisu,13.962,22.826,0.78131
17-08-2024,12:53:47,Hernes,14.788,34.149,0.79677
17-08-2024,14:20:11,Hernes,15.371,23.988,0.774
17-08-2024,15:20:13,Oder,20.209,24.158,0.62588
17-08-2024,17:10:09,Oder,21.93,26.563,0.6146
18-08-2024,10:03:20,Oder,24.839,23.13,0.60306
18-08-2024,10:43:47,Oder,15.88,23.345,0.63341
18-08-2024,10:47:12,Oder,21.929,24.248,0.61711
18-08-2024,11:33:14,Oder,14.487,26.088,0.64695
18-08-2024,12:12:44,Oder,19.506,24.169,0.63641
18-08-2024,12:32:33,Oder,14.018,22.114,0.65322
18-08-2024,12:49:53,Oder,21.364,24.711,0.60031
18-08-2024,13:20:13,Oder,15.954,22.193,0.63667
18-08-2024,13:22:40,Oder,15.626,21.584,0.64394
18-08-2024,13:41:04,Oder,15.128,22.216,0.64645
18-08-2024,13:52:47,Oder,14.329,24.892,0.65021
18-08-2024,14:10:08,Oder,14.261,24.711,0.65848
18-08-2024,15:01:35,Oder,17.021,26.833,0.64168
18-08-2024,15:04:00,Oder,14.407,25.727,0.65597
18-08-2024,16:40:08,Oder,13.505,27.161,0.64293
18-08-2024,17:10:09,Oder,12.562,33.754,0.65096
18-08-2024,17:20:14,Oder,12.218,33.043,0.65472
18-08-2024,17:37:59,Oder,12.219,26.563,0.63566
18-08-2024,18:24:04,Oder,15.655,23.988,0.64344
19-08-2024,08:13:49,Oder,18.34,20.906,0.63215
19-08-2024,08:21:30,Oder,17.475,21.437,0.6329
19-08-2024,09:10:09,Oder,17.416,24.824,0.65622
19-08-2024,09:11:31,Oder,16.046,34.296,0.64218
19-08-2024,09:14:12,Oder,16.983,24.101,0.63817
19-08-2024,09:46:02,Oder,14.053,33.19,0.65547
19-08-2024,09:59:37,Oder,12.791,23.842,0.65196
19-08-2024,10:04:30,Oder,17.761,22.724,0.64444
19-08-2024,10:34:24,Oder,12.388,22.859,0.65171
19-08-2024,10:40:08,Oder,17.975,22.464,0.63842
19-08-2024,11:10:09,Oder,12.809,22.08,0.6477
19-08-2024,11:40:09,Oder,17.836,23.164,0.63516
19-08-2024,11:41:25,Oder,14.89,23.029,0.65648
19-08-2024,11:50:34,Oder,14.708,21.99,0.65372
19-08-2024,12:00:02,Oder,14.354,23.616,0.65999
19-08-2024,12:02:37,Oder,12.707,22.927,0.6482
19-08-2024,12:10:09,Oder,12.846,23.13,0.6472
19-08-2024,12:11:25,Oder,14.234,26.066,0.66901
19-08-2024,12:21:45,Oder,17.619,24.655,0.64745
19-08-2024,12:24:00,Oder,13.658,23.074,0.65196
19-08-2024,12:54:26,Oder,12.813,23.051,0.6482
19-08-2024,13:10:09,Oder,18.432,23.943,0.63015
19-08-2024,13:23:05,Oder,12.951,23.876,0.65271
19-08-2024,13:42:31,Oder,17.757,22.893,0.63341
19-08-2024,13:50:12,Oder,14.009,25.637,0.67328
19-08-2024,13:57:22,Oder,13.269,24.429,0.65246
19-08-2024,14:22:35,Oder,13.959,24.0,0.66625
19-08-2024,14:40:10,Oder,13.615,24.0,0.65322
19-08-2024,15:11:57,Oder,13.341,24.53,0.65522
19-08-2024,15:30:01,Oder,13.605,22.916,0.66525
19-08-2024,16:01:15,Oder,17.603,23.842,0.62889
19-08-2024,16:20:12,Oder,17.514,24.451,0.64344
19-08-2024,16:20:38,Oder,13.425,24.575,0.65798
19-08-2024,16:23:46,Oder,13.515,23.435,0.66625
19-08-2024,17:04:38,Oder,16.517,24.056,0.65221
19-08-2024,17:10:09,Oder,13.381,24.429,0.665
19-08-2024,17:10:27,Oder,13.307,25.106,0.65146
19-08-2024,17:14:40,Oder,16.168,26.077,0.59604
19-08-2024,17:24:11,Oder,13.475,23.751,0.67002
19-08-2024,17:31:17,Oder,19.544,28.437,0.6487
19-08-2024,18:10:09,Oder,13.136,24.485,0.6497
19-08-2024,18:30:29,Oder,16.545,24.0,0.64745
19-08-2024,18:32:26,Oder,13.706,23.955,0.65923
19-08-2024,18:40:09,Oder,13.405,25.896,0.64795
20-08-2024,07:31:42,Oder,17.572,23.605,0.55066
20-08-2024,07:33:54,Oder,14.19,18.321,0.666
20-08-2024,07:49:19,Oder,16.585,23.221,0.6482
20-08-2024,08:03:25,Oder,13.438,20.997,0.62789
20-08-2024,08:06:45,Oder,16.235,22.938,0.62338
20-08-2024,08:07:51,Oder,13.903,20.951,0.65171
20-08-2024,08:31:32,Oder,12.949,24.542,0.63391
20-08-2024,08:33:14,Oder,16.144,23.311,0.61761
20-08-2024,08:40:09,Oder,16.446,23.706,0.64996
20-08-2024,08:40:17,Oder,13.855,22.984,0.65597
20-08-2024,09:16:39,Oder,13.331,23.48,0.61435
20-08-2024,09:20:11,Oder,16.564,22.938,0.64243
20-08-2024,09:20:36,Oder,13.916,23.842,0.66274
20-08-2024,10:00:02,Oder,16.275,23.672,0.60908
20-08-2024,10:00:37,Oder,13.849,23.672,0.66375
20-08-2024,10:17:50,Oder,16.422,23.65,0.65046
20-08-2024,10:41:36,Oder,13.344,24.745,0.63566
20-08-2024,10:46:36,Oder,13.573,24.666,0.66124
20-08-2024,10:47:50,Oder,16.579,24.711,0.61134
20-08-2024,10:54:05,Oder,16.375,23.695,0.65296
20-08-2024,11:02:14,Rukis,18.786,24.7,0.72403
20-08-2024,11:16:35,Oder,16.276,24.722,0.61961
20-08-2024,11:40:09,Oder,13.406,24.869,0.64293
20-08-2024,11:40:54,Oder,16.023,24.158,0.62889
20-08-2024,11:43:59,Oder,13.701,24.101,0.66074
20-08-2024,11:44:43,Oder,16.522,23.887,0.6497
20-08-2024,12:13:36,Oder,13.407,24.316,0.64645
20-08-2024,12:15:54,Oder,13.417,25.354,0.64369
20-08-2024,12:17:06,Oder,16.016,23.864,0.62613
20-08-2024,12:22:59,Oder,16.473,24.214,0.6477
20-08-2024,12:42:44,Oder,13.409,25.863,0.64544
20-08-2024,12:44:01,Oder,16.055,23.955,0.5998
20-08-2024,12:46:35,Oder,13.973,25.038,0.66977
20-08-2024,13:03:24,Oder,16.473,24.496,0.65296
20-08-2024,14:20:13,Oder,13.726,24.688,0.65873
20-08-2024,14:39:47,Rukis,17.172,26.066,0.71931
20-08-2024,14:40:45,Oder,16.388,25.377,0.65873
20-08-2024,14:59:47,Oder,13.423,23.209,0.63667
20-08-2024,15:25:51,Oder,13.269,23.876,0.65848
20-08-2024,15:28:21,Oder,16.537,25.332,0.65372
20-08-2024,16:18:29,Oder,16.724,24.971,0.65271
20-08-2024,16:20:40,Oder,13.846,24.621,0.67077
20-08-2024,17:25:10,Oder,13.514,24.146,0.66575
20-08-2024,17:27:11,Oder,16.667,24.858,0.65221
20-08-2024,17:30:01,Rukis,17.425,27.116,0.74739
20-08-2024,18:00:25,Oder,17.182,29.306,0.6492
20-08-2024,18:10:09,Rukis,17.558,26.777,0.75112
20-08-2024,18:15:52,Oder,13.823,23.39,0.66525
20-08-2024,18:17:15,Oder,16.847,24.519,0.65447
21-08-2024,08:24:13,Oder,16.82,24.519,0.65547
21-08-2024,09:01:28,Rukis,14.978,40.551,0.74839
21-08-2024,09:51:39,Rukis,14.316,36.453,0.75609
21-08-2024,10:10:09,Oder,14.436,23.39,0.6655
21-08-2024,10:14:20,Rukis,12.515,35.482,0.76529
21-08-2024,10:20:11,Rukis,17.497,26.664,0.75187
21-08-2024,10:32:07,Oder,16.764,23.751,0.65397
21-08-2024,10:46:36,Oder,14.408,22.069,0.6635
21-08-2024,10:47:10,Rukis,12.65,29.317,0.76603
21-08-2024,11:52:29,Rukis,13.537,25.953,0.76753
21-08-2024,12:10:09,Oder,14.037,23.988,0.6635
21-08-2024,12:20:11,Rukis,16.18,25.784,0.7469
21-08-2024,12:22:09,Rukis,13.18,26.743,0.75883
21-08-2024,12:44:32,Rukis,13.458,23.526,0.66165
21-08-2024,12:46:36,Oder,13.601,24.169,0.6645
21-08-2024,12:46:42,Oder,16.512,24.395,0.65723
21-08-2024,12:51:11,Rukis,12.064,26.427,0.75659
21-08-2024,12:53:05,Rukis,17.55,25.863,0.75087
21-08-2024,13:10:44,Oder,16.637,29.238,0.65422
21-08-2024,13:30:02,Rukis,17.6,25.23,0.74392
21-08-2024,13:40:08,Oder,13.565,23.435,0.66074
21-08-2024,14:10:08,Rukis,14.245,31.677,0.7628
21-08-2024,14:13:56,Oder,16.652,24.767,0.65547
21-08-2024,14:33:21,Rukis,18.006,24.214,0.74093
21-08-2024,14:40:09,Rukis,14.383,39.58,0.75932
21-08-2024,14:51:41,Oder,14.223,24.293,0.64996
21-08-2024,15:10:09,Rukis,14.151,26.224,0.76579
21-08-2024,15:12:35,Rukis,16.713,28.132,0.73522
21-08-2024,15:34:09,Oder,16.415,24.0,0.6492
21-08-2024,15:40:09,Rukis,16.552,26.54,0.74615
21-08-2024,15:41:53,Oder,13.783,25.05,0.66801
21-08-2024,16:10:09,Rukis,16.768,26.913,0.73944
21-08-2024,16:30:02,Oder,13.71,24.361,0.66525
21-08-2024,16:40:10,Rukis,16.66,27.217,0.73969
21-08-2024,17:20:12,Rukis,13.191,28.38,0.75808
21-08-2024,17:40:09,Rukis,12.973,27.172,0.7551
21-08-2024,17:40:25,Rukis,16.662,27.048,0.74044
21-08-2024,18:15:24,Rukis,13.407,29.78,0.75609
21-08-2024,18:16:20,Rukis,16.61,27.545,0.74068
21-08-2024,18:51:46,Oder,14.299,24.101,0.65848
22-08-2024,07:33:49,Rukis,14.25,22.25,0.74193
22-08-2024,07:40:10,Rukis,17.304,23.548,0.71807
22-08-2024,08:03:02,Rukis,13.732,26.1,0.74988
22-08-2024,08:04:07,Rukis,17.369,23.571,0.72627
22-08-2024,08:40:09,Rukis,17.515,24.0,0.729
22-08-2024,09:02:42,Rukis,13.141,26.901,0.74789
22-08-2024,09:03:15,Rukis,17.542,23.774,0.72577
22-08-2024,09:40:08,Rukis,13.841,26.156,0.74044
22-08-2024,09:44:22,Rukis,17.405,24.079,0.73298
22-08-2024,10:10:29,Rukis,13.177,24.79,0.73944
22-08-2024,10:11:43,Rukis,17.049,23.65,0.73124
22-08-2024,10:46:37,Rukis,17.124,23.469,0.73323
22-08-2024,11:20:12,Rukis,16.957,23.322,0.73199
22-08-2024,11:46:37,Rukis,13.485,29.08,0.74739
22-08-2024,12:21:03,Rukis,13.772,29.137,0.7459
22-08-2024,12:22:07,Rukis,16.845,22.972,0.72776
22-08-2024,13:00:02,Rukis,17.257,24.734,0.73472
22-08-2024,13:41:00,Rukis,14.041,26.867,0.73894
22-08-2024,13:42:12,Rukis,17.258,23.819,0.73472
22-08-2024,14:11:07,Rukis,13.565,26.743,0.73571
22-08-2024,14:11:59,Rukis,17.233,23.955,0.73223
22-08-2024,14:40:58,Rukis,13.587,27.319,0.74367
22-08-2024,14:41:55,Rukis,17.298,23.909,0.73696
22-08-2024,15:20:11,Rukis,17.289,23.819,0.73298
22-08-2024,16:20:12,Rukis,17.323,23.955,0.73223
22-08-2024,17:02:16,Rukis,13.877,25.896,0.74739
22-08-2024,17:03:56,Rukis,17.493,24.451,0.73422
22-08-2024,17:14:12,Oder,15.386,30.514,0.65974
22-08-2024,17:20:11,Oder,15.341,30.029,0.65948
22-08-2024,18:00:02,Rukis,17.121,22.792,0.71235
22-08-2024,18:10:09,Rukis,17.56,24.463,0.70589
23-08-2024,07:34:19,Rukis,13.938,16.729,0.74093
23-08-2024,07:40:09,Rukis,18.134,21.595,0.74118
23-08-2024,07:55:45,Rukis,13.619,18.535,0.73919
23-08-2024,07:56:44,Rukis,17.793,23.277,0.74342
23-08-2024,08:40:08,Rukis,17.546,23.876,0.74242
23-08-2024,09:51:07,Rukis,14.012,22.882,0.75609
23-08-2024,10:10:09,Rukis,17.319,23.751,0.73969
23-08-2024,10:40:09,Rukis,13.348,23.638,0.75659
23-08-2024,10:53:29,Oder,14.625,27.014,0.65873
23-08-2024,11:50:41,Rukis,13.538,25.49,0.75435
23-08-2024,11:52:23,Rukis,17.107,23.221,0.73223
23-08-2024,13:29:33,Rukis,17.075,21.538,0.73099
25-08-2024,10:20:12,Nisu,21.449,26.563,0.71388
25-08-2024,10:30:02,Nisu,21.74,24.937,0.74105
25-08-2024,11:34:47,Rukis,13.009,47.246,0.74889
25-08-2024,12:02:01,Nisu,20.083,28.256,0.72969
25-08-2024,12:14:47,Hernes,21.95,25.14,0.75222
25-08-2024,13:23:05,Rukis,12.456,25.874,0.75609
25-08-2024,15:12:31,Nisu,18.22,27.183,0.77168
25-08-2024,15:50:42,Hernes,17.018,24.034,0.76237
25-08-2024,16:51:59,Nisu,15.332,28.764,0.78057
25-08-2024,16:53:15,Nisu,17.032,29.306,0.7576
25-08-2024,17:30:01,Nisu,14.922,29.633,0.78527
25-08-2024,17:44:07,Nisu,13.617,31.643,0.79935
25-08-2024,17:54:40,Nisu,13.565,33.506,0.79737
25-08-2024,18:20:12,Nisu,13.575,27.782,0.80231
26-08-2024,08:19:22,Nisu,13.793,18.445,0.79786
26-08-2024,09:20:10,Nisu,17.94,26.28,0.74698
26-08-2024,09:30:02,Nisu,12.942,20.014,0.79712
26-08-2024,10:44:11,Nisu,15.927,25.275,0.74599
26-08-2024,10:50:11,Nisu,13.1,21.471,0.79984
26-08-2024,11:00:01,Nisu,12.636,21.087,0.7949
26-08-2024,11:09:43,Nisu,12.918,21.595,0.80972
26-08-2024,11:20:27,Nisu,13.884,21.967,0.80602
26-08-2024,11:32:13,Nisu,15.993,24.892,0.75241
26-08-2024,11:50:13,Nisu,13.73,21.866,0.80527
26-08-2024,12:20:12,Nisu,13.456,22.758,0.79663
26-08-2024,12:32:24,Raps,16.557,28.73,0.43143
26-08-2024,12:33:08,Raps,16.664,26.867,0.43316
26-08-2024,13:00:02,Nisu,16.645,26.292,0.76007
26-08-2024,13:00:15,Nisu,13.078,23.763,0.77588
26-08-2024,13:00:48,Nisu,18.112,25.603,0.71388
26-08-2024,13:54:52,Nisu,13.367,27.793,0.77069
26-08-2024,14:00:01,Nisu,19.059,29.43,0.7539
26-08-2024,14:33:14,Raps,17.58,28.708,0.40816
26-08-2024,14:37:24,Nisu,18.492,29.125,0.7618
26-08-2024,14:40:10,Nisu,13.495,23.492,0.7576
26-08-2024,14:50:14,Nisu,23.941,25.546,0.4098
26-08-2024,15:30:01,Nisu,19.906,29.814,0.74253
26-08-2024,16:10:10,Nisu,13.712,22.126,0.7739
26-08-2024,16:23:51,Nisu,20.257,26.732,0.71388
26-08-2024,17:00:01,Raps,15.853,25.648,0.39999
26-08-2024,17:30:02,Nisu,13.481,21.392,0.77292
26-08-2024,18:30:02,Nisu,14.138,23.085,0.80379
26-08-2024,18:32:17,Nisu,17.03,26.788,0.76476
26-08-2024,18:41:50,Raps,12.628,32.998,0.40593
27-08-2024,07:39:13,Nisu,17.019,25.885,0.76303
27-08-2024,07:43:59,Nisu,14.557,16.842,0.79119
27-08-2024,07:55:53,Hernes,15.571,26.1,0.76559
27-08-2024,08:10:10,Hernes,14.918,30.683,0.77252
27-08-2024,08:20:13,Nisu,14.214,22.34,0.78453
27-08-2024,08:22:23,Hernes,14.914,31.304,0.77301
27-08-2024,08:37:32,Nisu,13.523,31.925,0.7739
27-08-2024,08:53:50,Nisu,17.411,24.508,0.74154
27-08-2024,09:01:31,Hernes,14.21,22.826,0.78192
27-08-2024,09:10:34,Nisu,13.592,21.335,0.78057
27-08-2024,09:20:12,Hernes,13.761,20.376,0.774
27-08-2024,09:32:49,Hernes,18.026,22.871,0.76806
27-08-2024,10:00:01,Hernes,13.06,19.89,0.76682
27-08-2024,10:02:38,Nisu,14.028,21.99,0.77761
27-08-2024,10:20:12,Hernes,17.137,22.148,0.77697
27-08-2024,10:31:22,Hernes,14.834,20.534,0.78192
27-08-2024,10:37:55,Hernes,14.487,20.793,0.76633
27-08-2024,10:42:39,Hernes,15.838,20.376,0.78143
27-08-2024,10:49:40,Hernes,17.37,23.04,0.77078
27-08-2024,10:50:59,Nisu,13.897,22.238,0.78601
27-08-2024,11:10:10,Hernes,16.159,20.093,0.77969
27-08-2024,11:20:14,Nisu,19.366,24.711,0.74426
27-08-2024,11:30:02,Hernes,15.831,20.026,0.77994
27-08-2024,11:40:11,Hernes,15.065,20.421,0.78143
27-08-2024,11:52:03,Hernes,14.568,20.455,0.78316
27-08-2024,12:00:01,Nisu,13.731,21.922,0.78428
27-08-2024,12:02:33,Hernes,17.402,21.674,0.7745
27-08-2024,12:10:10,Hernes,14.707,20.839,0.7938
27-08-2024,12:11:53,Nisu,18.422,28.55,0.76131
27-08-2024,12:21:55,Hernes,14.93,21.572,0.79059
27-08-2024,12:30:02,Hernes,17.253,26.134,0.74752
27-08-2024,12:33:54,Hernes,17.534,23.074,0.77598
27-08-2024,12:36:21,Hernes,14.543,21.324,0.79182
27-08-2024,13:00:02,Hernes,14.436,21.663,0.79405
27-08-2024,13:00:16,Nisu,18.573,28.414,0.76032
27-08-2024,13:01:46,Nisu,14.285,21.99,0.79021
27-08-2024,13:10:11,Hernes,14.484,21.527,0.79727
27-08-2024,13:10:19,Hernes,17.445,23.3,0.76658
27-08-2024,13:34:23,Hernes,14.4,21.685,0.7886
27-08-2024,13:49:54,Hernes,17.88,24.677,0.76113
27-08-2024,13:51:39,Hernes,14.407,21.685,0.79257
27-08-2024,14:00:02,Nisu,13.885,22.216,0.78971
27-08-2024,14:02:18,Nisu,19.167,27.94,0.75513
27-08-2024,14:13:32,Hernes,14.024,21.922,0.7891
27-08-2024,14:50:58,Hernes,17.314,24.542,0.76806
27-08-2024,15:24:09,Hernes,13.598,22.182,0.79232
27-08-2024,15:30:01,Nisu,13.67,22.701,0.79218
27-08-2024,15:33:26,Nisu,19.186,26.8,0.74821
27-08-2024,16:12:32,Hernes,13.766,21.967,0.79999
27-08-2024,16:39:43,Hernes,17.008,24.971,0.76955
27-08-2024,16:41:45,Nisu,13.67,22.385,0.79984
27-08-2024,17:12:06,Nisu,18.404,25.964,0.75192
27-08-2024,17:17:35,Hernes,13.771,21.38,0.78341
27-08-2024,18:10:08,Nisu,18.115,26.517,0.75661
27-08-2024,18:12:02,Nisu,13.779,22.024,0.79885
28-08-2024,07:52:04,Nisu,15.106,16.492,0.78403
28-08-2024,08:01:03,Hernes,13.798,17.327,0.76162
28-08-2024,08:31:49,Nisu,14.442,16.819,0.77884
28-08-2024,08:42:12,Nisu,19.313,24.045,0.74673
28-08-2024,08:47:29,Nisu,14.494,17.463,0.7828
28-08-2024,09:10:10,Nisu,14.081,17.327,0.78255
28-08-2024,09:40:08,Nisu,14.085,18.75,0.78922
28-08-2024,10:00:02,Nisu,18.964,25.298,0.74945
28-08-2024,10:10:46,Nisu,13.525,19.551,0.78057
28-08-2024,10:41:23,Nisu,18.793,25.377,0.75217
28-08-2024,11:21:21,Nisu,13.196,22.159,0.79465
28-08-2024,11:34:39,Nisu,17.888,25.58,0.75192
28-08-2024,11:40:22,Peas,-30.635,23.39,0.0
28-08-2024,11:41:09,Peas,13.694,20.884,0.78192
28-08-2024,12:11:09,Nisu,13.433,23.661,0.78971
28-08-2024,12:26:42,Nisu,17.698,25.784,0.7539
28-08-2024,13:21:34,Nisu,17.657,24.271,0.74574
28-08-2024,13:23:01,Nisu,13.762,23.153,0.78922
28-08-2024,13:51:57,Hernes,16.957,26.879,0.76534
28-08-2024,14:10:09,Oder,30.938,25.354,0.41124
28-08-2024,14:20:18,Nisu,13.883,23.469,0.7907
28-08-2024,14:34:28,Hernes,16.012,21.911,0.76781
28-08-2024,14:50:13,Nisu,13.746,23.345,0.78996
28-08-2024,14:52:47,Nisu,17.903,24.079,0.74895
28-08-2024,15:11:34,Hernes,16.032,23.108,0.76559
28-08-2024,15:13:47,Hernes,13.365,21.843,0.77128
28-08-2024,16:03:43,Nisu,13.095,23.684,0.78625
28-08-2024,16:10:09,Hernes,12.344,23.04,0.77969
28-08-2024,16:20:12,Hernes,16.052,23.413,0.77375
28-08-2024,16:23:11,Oder,30.913,24.395,0.39845
28-08-2024,16:26:31,Nisu,12.935,24.643,0.77613
28-08-2024,16:28:56,Nisu,17.881,24.169,0.74747
28-08-2024,16:41:53,Hernes,12.231,23.469,0.78365
28-08-2024,16:44:30,Hernes,15.905,23.921,0.76682
28-08-2024,17:04:48,Nisu,13.218,24.192,0.76674
28-08-2024,17:11:41,Nisu,11.519,24.508,0.7907
28-08-2024,17:12:17,Hernes,13.365,24.598,0.79009
28-08-2024,17:20:12,Hernes,15.97,24.305,0.7636
28-08-2024,17:40:09,Hernes,13.003,23.672,0.78093
28-08-2024,17:42:27,Nisu,13.317,23.65,0.77514
28-08-2024,18:00:02,Nisu,18.155,25.388,0.75241
28-08-2024,18:10:09,Hernes,13.484,22.871,0.78093
28-08-2024,18:20:11,Hernes,17.583,24.429,0.76162
28-08-2024,18:31:10,Nisu,13.583,23.176,0.76625
28-08-2024,18:32:42,Oder,18.176,24.113,0.48872
28-08-2024,18:40:09,Oder,23.79,24.361,0.42076
29-08-2024,07:24:43,Hernes,13.784,18.05,0.76856
29-08-2024,07:40:08,Nisu,13.647,18.964,0.77217
29-08-2024,07:51:44,Nisu,18.001,23.627,0.73068
29-08-2024,08:14:07,Nisu,13.742,20.172,0.77341
29-08-2024,08:33:27,Hernes,13.125,19.992,0.76261
29-08-2024,09:00:43,Hernes,17.348,21.877,0.75667
29-08-2024,09:03:24,Nisu,13.295,23.311,0.78181
29-08-2024,09:44:22,Nisu,16.329,20.409,0.76402
29-08-2024,09:50:12,Hernes,13.166,21.776,0.774
29-08-2024,09:50:30,Nisu,13.58,24.18,0.7865
29-08-2024,10:23:04,Hernes,13.947,22.137,0.77895
29-08-2024,10:44:42,Nisu,13.839,23.413,0.76748
29-08-2024,12:04:22,Hernes,17.522,24.79,0.75519
29-08-2024,12:20:13,Nisu,13.914,26.325,0.77613
29-08-2024,12:44:10,Hernes,13.947,22.588,0.78093
29-08-2024,13:20:12,Nisu,13.864,24.316,0.77563
29-08-2024,14:10:09,Nisu,13.533,24.0,0.75785
29-08-2024,14:50:13,Hernes,14.801,23.187,0.78687
29-08-2024,15:17:41,Nisu,13.849,25.772,0.77069
29-08-2024,15:19:46,Hernes,13.113,23.48,0.77499
29-08-2024,15:33:52,Hernes,13.518,23.48,0.77078
29-08-2024,15:43:37,Nisu,13.938,24.451,0.76723
29-08-2024,16:00:02,Oder,22.095,25.332,0.44208
29-08-2024,16:40:09,Hernes,16.279,24.914,0.76583
29-08-2024,16:42:02,Nisu,14.015,23.638,0.76205
29-08-2024,17:23:01,Nisu,13.896,23.458,0.76106
29-08-2024,17:40:09,Hernes,16.361,25.93,0.75692
30-08-2024,08:20:10,Nisu,13.463,20.048,0.71882
30-08-2024,08:50:11,Nisu,16.736,23.774,0.78181
30-08-2024,09:10:09,Hernes,14.154,38.349,0.78068
30-08-2024,09:19:49,Hernes,18.193,23.751,0.78737
30-08-2024,09:20:23,Nisu,16.534,23.74,0.78206
30-08-2024,09:34:10,Hernes,14.319,32.14,0.78687
30-08-2024,09:41:39,Hernes,14.199,28.392,0.78687
30-08-2024,09:50:13,Hernes,13.699,25.682,0.78836
30-08-2024,09:54:40,Hernes,13.562,24.519,0.78415
30-08-2024,10:10:09,Hernes,13.597,24.067,0.77771
30-08-2024,10:20:12,Hernes,13.307,24.158,0.77771
30-08-2024,10:20:39,Hernes,16.393,25.75,0.76212
30-08-2024,10:42:58,Hernes,13.26,24.011,0.78167
30-08-2024,11:10:09,Nisu,15.065,31.429,0.78206
30-08-2024,11:33:23,Nisu,14.193,34.33,0.78922
30-08-2024,11:40:09,Hernes,14.246,25.603,0.77969
30-08-2024,11:50:13,Hernes,16.894,23.717,0.75766
30-08-2024,11:50:57,Hernes,14.359,25.772,0.7745
30-08-2024,12:10:09,Hernes,14.141,25.716,0.78365
30-08-2024,12:14:40,Nisu,14.289,27.748,0.79342
30-08-2024,12:26:31,Hernes,13.402,25.84,0.78662
30-08-2024,12:37:24,Nisu,14.621,26.303,0.79021
30-08-2024,13:10:09,Hernes,13.939,26.8,0.78588
30-08-2024,13:38:11,Hernes,14.462,26.687,0.77796
30-08-2024,13:54:22,Hernes,14.427,26.935,0.78563
30-08-2024,14:29:34,Hernes,14.27,26.811,0.78192
30-08-2024,14:33:46,Nisu,13.738,32.67,0.78848
30-08-2024,14:50:11,Hernes,14.313,27.646,0.78044
30-08-2024,15:00:01,Oder,22.814,29.193,0.4827
30-08-2024,15:23:01,Hernes,14.059,27.816,0.78885
30-08-2024,15:52:31,Hernes,13.225,28.256,0.78959
